instrument,price,volume,expiry,buy_sell
INSTR425,5302.41,8516,2023-02-26 15:45:35.446639,Buy
INSTR60,4085.52,1145,2023-02-26 16:35:12.446639,Buy
INSTR891,9755.92,1338,2023-02-26 14:04:02.446639,Sell
INSTR597,8842.0,1419,2023-02-26 17:21:07.446639,Buy
INSTR409,2026.79,2659,2023-02-26 13:49:01.446639,Sell
INSTR760,4186.42,4785,2023-02-26 10:13:16.446639,Buy
INSTR831,9731.37,7030,2023-02-26 10:21:20.446639,Buy
INSTR402,5559.17,7910,2023-02-26 10:39:24.446639,Sell
INSTR298,9017.43,2909,2023-02-26 15:33:50.446639,Sell
INSTR782,9244.59,466,2023-02-26 09:04:28.446639,Buy
INSTR396,8794.87,1197,2023-02-26 11:41:08.446639,Sell
INSTR539,6611.04,9550,2023-02-26 18:12:34.446639,Buy
INSTR309,4540.38,8274,2023-02-26 12:48:52.446639,Buy
INSTR111,9982.61,4403,2023-02-26 11:18:02.446639,Sell
INSTR338,7677.47,5081,2023-02-26 11:00:58.446639,Buy
INSTR425,7469.15,1436,2023-02-26 18:43:44.446639,Buy
INSTR601,7512.27,5029,2023-02-26 12:13:35.446639,Buy
INSTR680,5941.03,6860,2023-02-26 18:29:41.446639,Buy
INSTR263,7516.34,5283,2023-02-26 12:05:35.446639,Buy
INSTR691,635.59,9073,2023-02-26 17:22:25.446639,Buy
INSTR187,8249.54,7050,2023-02-26 17:46:14.446639,Buy
INSTR243,1965.22,6555,2023-02-26 12:44:47.446639,Sell
INSTR91,2555.24,8652,2023-02-26 10:15:07.446639,Buy
INSTR484,9990.09,921,2023-02-26 17:26:08.446639,Sell
INSTR448,9286.48,6260,2023-02-26 16:13:48.446639,Sell
INSTR146,6937.6,7263,2023-02-26 16:11:15.446639,Sell
INSTR586,9749.46,5381,2023-02-26 13:09:16.446639,Buy
INSTR466,7899.82,7751,2023-02-26 16:28:03.446639,Sell
INSTR36,8811.63,1096,2023-02-26 15:54:49.446639,Sell
INSTR888,1798.95,4201,2023-02-26 15:41:10.446639,Buy
INSTR945,9723.29,7301,2023-02-26 10:43:21.446639,Buy
INSTR360,6140.21,3770,2023-02-26 10:00:57.446639,Buy
INSTR461,6431.4,4763,2023-02-26 12:51:39.446639,Buy
INSTR856,9763.07,5378,2023-02-26 13:24:05.447642,Buy
INSTR340,4175.44,4141,2023-02-26 17:00:45.447642,Sell
INSTR93,9356.69,2715,2023-02-26 14:31:17.447642,Buy
INSTR594,9450.54,2273,2023-02-26 11:27:49.447642,Sell
INSTR398,9062.96,3405,2023-02-26 16:06:12.447642,Buy
INSTR207,9286.41,8605,2023-02-26 11:05:52.447642,Buy
INSTR984,1997.35,4238,2023-02-26 10:37:38.447642,Buy
INSTR162,7274.93,2177,2023-02-26 09:14:10.447642,Buy
INSTR694,5064.37,1463,2023-02-26 16:22:15.447642,Buy
INSTR104,9697.85,4684,2023-02-26 16:44:04.447642,Sell
INSTR710,2220.97,1963,2023-02-26 13:07:24.447642,Sell
INSTR323,6632.94,80,2023-02-26 11:56:37.447642,Sell
INSTR680,4855.84,6463,2023-02-26 13:58:55.447642,Sell
INSTR505,8870.04,5630,2023-02-26 12:01:59.447642,Sell
INSTR680,7760.38,1262,2023-02-26 16:56:25.447642,Buy
INSTR865,7891.04,7449,2023-02-26 15:19:18.447642,Buy
INSTR261,9595.59,4635,2023-02-26 09:41:21.447642,Sell
INSTR771,9634.24,1315,2023-02-26 15:10:18.447642,Buy
INSTR65,9526.87,9639,2023-02-26 18:50:57.447642,Sell
INSTR330,7139.91,9747,2023-02-26 17:05:36.447642,Buy
INSTR557,6948.06,7959,2023-02-26 10:30:56.447642,Buy
INSTR165,7602.01,9680,2023-02-26 17:41:51.447642,Sell
INSTR174,9403.13,8921,2023-02-26 10:57:04.447642,Sell
INSTR197,9665.3,9152,2023-02-26 11:47:36.447642,Buy
INSTR885,7779.69,6635,2023-02-26 14:46:27.447642,Buy
INSTR439,9493.03,9605,2023-02-26 15:50:05.447642,Buy
INSTR366,9654.21,5078,2023-02-26 10:46:17.447642,Buy
INSTR726,7604.15,1239,2023-02-26 15:51:17.447642,Buy
INSTR377,8693.0,885,2023-02-26 09:26:33.447642,Sell
INSTR300,9929.4,1420,2023-02-26 13:44:20.447642,Sell
INSTR726,5646.6,8946,2023-02-26 12:59:10.447642,Buy
INSTR741,9459.08,450,2023-02-26 17:04:13.447642,Sell
INSTR867,5255.53,3820,2023-02-26 14:27:54.447642,Buy
INSTR636,8863.33,6544,2023-02-26 16:44:47.447642,Sell
INSTR49,9640.03,7817,2023-02-26 13:47:07.447642,Sell
INSTR602,2045.04,8336,2023-02-26 10:03:47.447642,Sell
INSTR109,5484.84,1485,2023-02-26 13:12:41.447642,Sell
INSTR163,7512.05,9881,2023-02-26 13:51:35.447642,Buy
INSTR880,4158.62,2757,2023-02-26 18:33:44.447642,Sell
INSTR231,7153.74,8719,2023-02-26 16:45:46.447642,Sell
INSTR17,9507.44,2169,2023-02-26 13:28:48.447642,Sell
INSTR686,9773.68,957,2023-02-26 15:55:23.447642,Buy
INSTR202,9267.28,9948,2023-02-26 13:46:44.447642,Sell
INSTR416,9711.67,3767,2023-02-26 18:08:02.447642,Sell
INSTR836,9119.45,7078,2023-02-26 14:49:09.447642,Sell
INSTR5,3193.08,9827,2023-02-26 12:30:24.447642,Buy
INSTR272,2057.61,7187,2023-02-26 17:52:31.447642,Sell
INSTR817,8131.0,5738,2023-02-26 09:59:57.447642,Buy
INSTR606,9326.05,9917,2023-02-26 15:37:59.447642,Buy
INSTR976,4264.58,1524,2023-02-26 17:45:18.447642,Sell
INSTR165,8570.64,3961,2023-02-26 13:15:08.447642,Sell
INSTR254,8857.26,5957,2023-02-26 14:57:02.447642,Sell
INSTR827,1464.2,9532,2023-02-26 16:07:26.447642,Buy
INSTR215,7390.99,9201,2023-02-26 11:49:11.447642,Buy
INSTR755,7823.56,137,2023-02-26 18:13:49.447642,Buy
INSTR662,9820.81,6212,2023-02-26 12:00:56.447642,Sell
INSTR700,5801.63,9305,2023-02-26 16:46:09.447642,Buy
INSTR295,8304.15,2379,2023-02-26 17:51:13.447642,Buy
INSTR651,9976.81,9136,2023-02-26 18:39:55.447642,Buy
INSTR749,7270.28,9878,2023-02-26 14:36:36.447642,Buy
INSTR893,5701.16,1470,2023-02-26 10:11:06.447642,Buy
INSTR904,9885.64,3421,2023-02-26 09:26:35.447642,Buy
INSTR592,9254.09,137,2023-02-26 18:31:14.447642,Sell
INSTR312,1926.39,8636,2023-02-26 14:16:28.447642,Sell
INSTR466,6875.79,5378,2023-02-26 15:01:41.447642,Buy
INSTR212,9614.95,50,2023-02-26 13:53:23.447642,Sell
INSTR285,9758.6,1218,2023-02-26 16:42:09.447642,Buy
INSTR520,1699.16,3970,2023-02-26 15:35:46.447642,Buy
INSTR672,8452.75,4171,2023-02-26 09:54:11.447642,Buy
INSTR73,5487.04,1101,2023-02-26 15:03:54.447642,Buy
INSTR100,5990.4,7463,2023-02-26 17:21:11.447642,Buy
INSTR608,1803.5,3831,2023-02-26 11:53:54.447642,Buy
INSTR56,8682.86,7652,2023-02-26 17:39:21.447642,Sell
INSTR952,3654.87,9582,2023-02-26 13:53:58.447642,Sell
INSTR440,8584.59,993,2023-02-26 16:46:41.447642,Sell
INSTR953,2635.33,7067,2023-02-26 12:10:20.447642,Sell
INSTR853,8944.15,6314,2023-02-26 14:07:07.447642,Sell
INSTR785,8844.57,1514,2023-02-26 09:40:57.447642,Buy
INSTR227,9372.18,7255,2023-02-26 10:13:28.447642,Buy
INSTR674,1114.71,4502,2023-02-26 13:47:02.447642,Buy
INSTR130,9978.64,2017,2023-02-26 13:00:05.447642,Buy
INSTR273,9575.05,1424,2023-02-26 16:16:18.447642,Sell
INSTR134,4479.95,9137,2023-02-26 10:49:17.447642,Sell
INSTR678,9668.25,5115,2023-02-26 18:51:43.447642,Buy
INSTR298,8442.31,5677,2023-02-26 16:23:23.447642,Buy
INSTR119,9858.87,2074,2023-02-26 17:41:16.447642,Sell
INSTR52,5540.63,1862,2023-02-26 12:53:11.447642,Sell
INSTR192,9339.45,597,2023-02-26 16:29:05.447642,Sell
INSTR493,5847.81,6465,2023-02-26 11:53:30.447642,Buy
INSTR351,6544.76,6712,2023-02-26 16:10:45.447642,Sell
INSTR240,5529.76,5104,2023-02-26 18:37:58.447642,Buy
INSTR108,7550.84,4407,2023-02-26 17:36:49.447642,Buy
INSTR627,9093.74,2064,2023-02-26 13:36:21.447642,Sell
INSTR969,6141.68,2805,2023-02-26 11:03:55.447642,Sell
INSTR199,7416.53,9819,2023-02-26 15:45:20.447642,Buy
INSTR950,6998.29,160,2023-02-26 15:15:11.447642,Buy
INSTR458,7817.22,8786,2023-02-26 13:43:42.447642,Sell
INSTR218,6038.15,214,2023-02-26 16:01:17.447642,Buy
INSTR386,6107.22,4812,2023-02-26 13:17:31.447642,Buy
INSTR915,9213.04,6630,2023-02-26 09:08:17.447642,Sell
INSTR470,9952.06,3028,2023-02-26 16:25:51.447642,Sell
INSTR791,6975.67,2512,2023-02-26 13:08:59.447642,Buy
INSTR693,7947.52,6576,2023-02-26 11:06:29.447642,Sell
INSTR33,7708.32,3436,2023-02-26 14:21:24.447642,Buy
INSTR588,6277.03,933,2023-02-26 16:56:35.447642,Buy
INSTR975,9392.87,4178,2023-02-26 10:47:49.447642,Buy
INSTR303,7336.19,3275,2023-02-26 18:24:15.447642,Buy
INSTR591,9837.2,9745,2023-02-26 09:26:38.447642,Buy
INSTR530,5348.89,4803,2023-02-26 17:54:41.447642,Sell
INSTR477,6355.1,7438,2023-02-26 17:37:09.447642,Buy
INSTR425,8526.43,3559,2023-02-26 09:05:20.447642,Buy
INSTR894,4437.71,8054,2023-02-26 14:02:38.447642,Sell
INSTR283,9685.14,1447,2023-02-26 17:09:36.447642,Sell
INSTR878,8797.45,8577,2023-02-26 14:11:26.447642,Sell
INSTR297,7587.45,8143,2023-02-26 08:56:19.447642,Sell
INSTR41,9447.49,9257,2023-02-26 15:36:27.447642,Buy
INSTR677,8401.13,7814,2023-02-26 18:34:20.447642,Buy
INSTR73,4093.98,9320,2023-02-26 12:01:14.447642,Sell
INSTR270,4818.58,4762,2023-02-26 13:49:11.447642,Buy
INSTR89,9599.32,1032,2023-02-26 10:13:53.447642,Buy
INSTR398,9634.12,4272,2023-02-26 16:19:46.447642,Buy
INSTR207,8775.64,7298,2023-02-26 12:23:00.447642,Sell
INSTR824,7009.65,2066,2023-02-26 09:35:25.447642,Sell
INSTR102,7774.34,3427,2023-02-26 11:01:58.447642,Buy
INSTR233,9983.87,1292,2023-02-26 10:24:28.447642,Sell
INSTR858,6525.33,629,2023-02-26 13:36:48.447642,Buy
INSTR500,8714.73,7217,2023-02-26 11:23:42.447642,Buy
INSTR833,9904.63,1452,2023-02-26 15:35:01.447642,Sell
INSTR81,8591.56,1128,2023-02-26 17:47:28.447642,Buy
INSTR679,9833.3,3495,2023-02-26 14:50:31.447642,Buy
INSTR284,7954.93,9721,2023-02-26 15:15:00.447642,Sell
INSTR353,7922.5,1552,2023-02-26 12:52:33.447642,Buy
INSTR234,9451.0,8112,2023-02-26 18:14:39.447642,Sell
INSTR658,7464.91,3960,2023-02-26 17:40:24.447642,Sell
INSTR665,2409.64,3198,2023-02-26 18:29:25.447642,Sell
INSTR232,5295.55,782,2023-02-26 16:40:32.447642,Buy
INSTR552,7997.1,8737,2023-02-26 16:21:40.447642,Sell
INSTR252,2944.81,4450,2023-02-26 14:08:03.447642,Buy
INSTR494,7862.39,9839,2023-02-26 12:42:35.447642,Sell
INSTR804,5963.39,2316,2023-02-26 15:27:32.447642,Sell
INSTR198,6129.79,6646,2023-02-26 18:02:23.447642,Buy
INSTR741,7787.18,1725,2023-02-26 13:19:46.447642,Sell
INSTR430,6866.84,115,2023-02-26 14:40:18.447642,Sell
INSTR779,9308.62,9324,2023-02-26 11:22:31.447642,Buy
INSTR389,8069.82,4763,2023-02-26 15:44:21.447642,Buy
INSTR210,5648.76,7785,2023-02-26 18:09:54.447642,Buy
INSTR184,8252.48,3273,2023-02-26 15:56:20.447642,Sell
INSTR320,2290.5,2897,2023-02-26 09:13:02.447642,Sell
INSTR79,5025.57,656,2023-02-26 14:14:48.447642,Buy
INSTR637,7857.34,3082,2023-02-26 17:14:05.447642,Sell
INSTR72,3834.66,662,2023-02-26 09:54:49.447642,Sell
INSTR812,4912.21,9173,2023-02-26 14:26:25.447642,Buy
INSTR472,9284.65,2873,2023-02-26 16:45:37.447642,Sell
INSTR617,5878.7,2809,2023-02-26 17:28:30.447642,Sell
INSTR761,8583.07,4788,2023-02-26 18:47:57.447642,Sell
INSTR956,6395.74,678,2023-02-26 17:00:39.447642,Buy
INSTR340,8210.87,657,2023-02-26 13:01:20.447642,Buy
INSTR983,6042.46,3099,2023-02-26 16:33:40.447642,Buy
INSTR161,9363.7,6572,2023-02-26 11:20:04.447642,Buy
INSTR903,6309.09,1238,2023-02-26 10:49:41.447642,Sell
INSTR216,6769.14,5100,2023-02-26 13:55:14.447642,Buy
INSTR736,9282.85,1408,2023-02-26 11:11:40.447642,Buy
INSTR306,7770.24,4188,2023-02-26 11:24:59.447642,Sell
INSTR26,9379.63,3707,2023-02-26 16:11:55.447642,Sell
INSTR467,7545.86,722,2023-02-26 17:23:04.447642,Sell
INSTR286,9983.84,276,2023-02-26 09:35:59.447642,Buy
INSTR510,9697.6,3382,2023-02-26 10:28:53.447642,Buy
INSTR250,5702.3,2420,2023-02-26 09:18:35.447642,Sell
INSTR88,9429.29,9110,2023-02-26 10:46:56.447642,Sell
INSTR104,5093.78,2790,2023-02-26 09:37:55.447642,Buy
INSTR411,6069.01,790,2023-02-26 11:27:47.447642,Buy
INSTR627,7131.95,2555,2023-02-26 16:23:39.447642,Buy
INSTR8,9654.29,2044,2023-02-26 12:51:55.447642,Buy
INSTR114,6971.32,8644,2023-02-26 11:32:28.447642,Buy
INSTR629,9294.19,5315,2023-02-26 09:20:14.447642,Buy
INSTR922,8965.43,7216,2023-02-26 11:38:37.447642,Buy
INSTR668,7531.76,581,2023-02-26 10:05:10.447642,Sell
INSTR72,3918.45,1061,2023-02-26 11:05:09.447642,Sell
INSTR356,9383.27,4689,2023-02-26 18:37:51.447642,Sell
INSTR12,6387.31,6944,2023-02-26 18:03:19.447642,Sell
INSTR706,9912.23,7689,2023-02-26 11:53:20.447642,Buy
INSTR878,8613.82,6412,2023-02-26 13:11:48.447642,Sell
INSTR928,9108.98,3653,2023-02-26 13:47:20.447642,Sell
INSTR983,5061.16,700,2023-02-26 12:41:13.448640,Buy
INSTR700,5867.08,3491,2023-02-26 16:34:12.448640,Buy
INSTR926,9624.53,3936,2023-02-26 10:16:49.448640,Sell
INSTR292,8889.02,4565,2023-02-26 12:14:19.448640,Sell
INSTR339,7454.37,8017,2023-02-26 15:33:39.448640,Sell
INSTR921,9768.48,8387,2023-02-26 14:23:46.448640,Sell
INSTR164,6894.32,8598,2023-02-26 12:48:48.448640,Buy
INSTR451,4296.16,2766,2023-02-26 10:02:02.448640,Buy
INSTR997,8415.04,7251,2023-02-26 17:09:31.448640,Sell
INSTR872,9809.09,6083,2023-02-26 18:21:01.448640,Sell
INSTR58,9068.27,5717,2023-02-26 09:28:32.448640,Buy
INSTR657,6209.19,3252,2023-02-26 13:50:16.448640,Sell
INSTR256,1414.62,491,2023-02-26 11:33:04.448640,Buy
INSTR136,9110.89,2846,2023-02-26 09:22:30.448640,Sell
INSTR715,9666.73,2466,2023-02-26 09:25:51.448640,Sell
INSTR459,9751.62,1767,2023-02-26 14:16:36.448640,Sell
INSTR994,3467.8,104,2023-02-26 16:36:22.448640,Sell
INSTR947,8574.35,5112,2023-02-26 12:25:38.448640,Buy
INSTR654,9582.02,945,2023-02-26 11:10:27.448640,Buy
INSTR921,5952.8,7969,2023-02-26 16:40:16.448640,Buy
INSTR179,2995.52,7070,2023-02-26 13:35:49.448640,Sell
INSTR969,5414.93,6507,2023-02-26 14:28:09.448640,Sell
INSTR136,8261.92,557,2023-02-26 14:51:12.448640,Sell
INSTR289,9926.22,4354,2023-02-26 15:50:39.448640,Sell
INSTR825,1970.18,3350,2023-02-26 09:35:18.448640,Sell
INSTR227,9252.13,9059,2023-02-26 10:37:51.448640,Sell
INSTR564,5454.4,9728,2023-02-26 16:22:39.448640,Buy
INSTR384,7426.73,2171,2023-02-26 10:25:22.448640,Sell
INSTR195,7723.74,9835,2023-02-26 17:18:47.448640,Buy
INSTR156,7611.63,3229,2023-02-26 14:58:58.448640,Sell
INSTR198,7574.06,3399,2023-02-26 16:50:58.448640,Buy
INSTR886,913.9,3692,2023-02-26 14:59:22.448640,Sell
INSTR984,6703.61,3128,2023-02-26 12:49:21.448640,Sell
INSTR421,8066.36,613,2023-02-26 18:15:48.448640,Buy
INSTR269,8594.05,5180,2023-02-26 09:48:57.448640,Sell
INSTR298,9483.91,2092,2023-02-26 17:19:25.448640,Sell
INSTR476,9152.42,8194,2023-02-26 13:46:31.448640,Buy
INSTR983,9794.06,9849,2023-02-26 11:55:44.448640,Sell
INSTR833,8693.61,6021,2023-02-26 10:31:33.448640,Buy
INSTR723,6132.69,8750,2023-02-26 14:45:46.448640,Buy
INSTR596,4580.68,4077,2023-02-26 12:04:39.448640,Sell
INSTR378,7473.46,9104,2023-02-26 11:50:54.448640,Sell
INSTR162,4702.28,8560,2023-02-26 09:49:06.448640,Buy
INSTR717,9659.87,859,2023-02-26 12:40:52.448640,Sell
INSTR324,7444.05,126,2023-02-26 14:27:12.448640,Sell
INSTR258,5662.75,564,2023-02-26 18:20:36.448640,Buy
INSTR518,6997.17,7598,2023-02-26 12:48:18.448640,Sell
INSTR638,7007.63,2156,2023-02-26 18:20:12.448640,Buy
INSTR125,7734.11,6604,2023-02-26 11:27:15.448640,Sell
INSTR563,9404.88,191,2023-02-26 15:30:16.448640,Buy
INSTR629,9007.65,4074,2023-02-26 14:41:17.448640,Sell
INSTR898,2733.17,4304,2023-02-26 13:02:06.448640,Sell
INSTR131,9999.93,830,2023-02-26 17:41:34.448640,Sell
INSTR934,9507.48,2033,2023-02-26 10:26:02.448640,Buy
INSTR711,8417.83,5702,2023-02-26 11:44:02.448640,Sell
INSTR355,6164.95,6945,2023-02-26 18:21:01.448640,Buy
INSTR200,9717.9,4748,2023-02-26 13:33:57.448640,Sell
INSTR80,3363.07,2509,2023-02-26 15:36:31.448640,Buy
INSTR339,7864.4,689,2023-02-26 14:23:24.448640,Buy
INSTR203,5431.7,5913,2023-02-26 15:03:01.448640,Sell
INSTR297,5790.95,8972,2023-02-26 09:23:03.448640,Buy
INSTR906,9501.6,8459,2023-02-26 16:34:35.448640,Buy
INSTR85,6543.03,1082,2023-02-26 11:06:50.448640,Sell
INSTR292,8427.43,5037,2023-02-26 09:13:27.448640,Sell
INSTR106,3207.78,2304,2023-02-26 17:48:29.448640,Buy
INSTR872,8478.75,3839,2023-02-26 17:31:21.448640,Sell
INSTR807,6929.13,2253,2023-02-26 16:52:06.448640,Buy
INSTR820,5748.43,8267,2023-02-26 15:26:21.448640,Sell
INSTR508,7370.11,4972,2023-02-26 09:58:32.448640,Sell
INSTR695,9937.54,5235,2023-02-26 18:38:11.448640,Sell
INSTR988,5622.75,6544,2023-02-26 14:38:16.448640,Sell
INSTR814,7623.57,4605,2023-02-26 17:10:50.448640,Sell
INSTR840,5224.42,7857,2023-02-26 08:53:12.448640,Buy
INSTR656,8166.92,7014,2023-02-26 11:30:55.448640,Sell
INSTR534,7822.58,2140,2023-02-26 10:13:54.448640,Sell
INSTR723,7335.97,2092,2023-02-26 14:36:51.448640,Sell
INSTR667,9899.39,2089,2023-02-26 11:19:16.448640,Sell
INSTR666,3439.02,74,2023-02-26 09:45:26.448640,Buy
INSTR193,7987.61,2427,2023-02-26 18:08:30.448640,Buy
INSTR196,6283.35,6750,2023-02-26 13:24:50.448640,Sell
INSTR263,8029.49,1207,2023-02-26 14:31:21.448640,Buy
INSTR546,7193.89,7268,2023-02-26 15:14:49.448640,Buy
INSTR83,7578.48,7777,2023-02-26 16:46:56.448640,Buy
INSTR687,940.77,9236,2023-02-26 16:57:19.448640,Sell
INSTR833,9154.77,7292,2023-02-26 11:57:46.448640,Buy
INSTR685,4221.55,7530,2023-02-26 15:21:13.448640,Sell
INSTR327,9970.74,6883,2023-02-26 11:13:35.448640,Buy
INSTR120,6864.96,1930,2023-02-26 09:56:32.448640,Buy
INSTR809,8233.7,8621,2023-02-26 10:22:48.448640,Sell
INSTR295,2977.63,3659,2023-02-26 13:11:36.448640,Sell
INSTR116,8568.39,1157,2023-02-26 16:11:05.448640,Buy
INSTR350,4134.41,885,2023-02-26 11:09:21.448640,Sell
INSTR838,6882.62,1398,2023-02-26 18:07:31.448640,Sell
INSTR187,8856.5,8463,2023-02-26 17:38:13.448640,Buy
INSTR743,6968.91,8709,2023-02-26 14:52:57.448640,Buy
INSTR120,8448.4,2522,2023-02-26 13:15:28.448640,Buy
INSTR926,4313.18,3789,2023-02-26 13:14:14.448640,Buy
INSTR115,5487.21,7533,2023-02-26 12:26:52.448640,Buy
INSTR702,8659.04,212,2023-02-26 09:44:22.448640,Buy
INSTR531,7997.5,1175,2023-02-26 18:23:40.448640,Buy
INSTR267,9031.14,9618,2023-02-26 11:47:38.448640,Buy
INSTR918,9854.24,1948,2023-02-26 13:03:45.448640,Buy
INSTR403,2884.62,4749,2023-02-26 14:00:48.448640,Sell
INSTR92,9804.63,1833,2023-02-26 11:31:39.448640,Sell
INSTR638,6767.2,4045,2023-02-26 09:46:18.448640,Buy
INSTR461,9694.77,7436,2023-02-26 10:36:45.448640,Sell
INSTR35,9562.82,2121,2023-02-26 11:07:08.448640,Buy
INSTR194,9876.32,9087,2023-02-26 16:30:23.448640,Sell
INSTR794,9771.18,7902,2023-02-26 10:09:54.448640,Buy
INSTR349,8736.3,7181,2023-02-26 09:53:37.448640,Buy
INSTR994,3064.95,5710,2023-02-26 12:34:31.448640,Buy
INSTR342,9861.32,3441,2023-02-26 15:52:28.448640,Buy
INSTR661,7948.87,6665,2023-02-26 09:23:26.448640,Buy
INSTR429,9564.01,1847,2023-02-26 09:17:16.448640,Sell
INSTR36,5726.39,5255,2023-02-26 12:39:42.448640,Buy
INSTR444,7663.26,2261,2023-02-26 16:11:14.448640,Sell
INSTR201,9916.94,1000,2023-02-26 16:45:30.448640,Buy
INSTR365,9712.01,3834,2023-02-26 18:03:03.448640,Buy
INSTR331,9906.39,4615,2023-02-26 13:37:51.448640,Sell
INSTR891,9585.93,9378,2023-02-26 11:30:21.448640,Buy
INSTR409,935.86,3378,2023-02-26 14:38:30.448640,Sell
INSTR398,9602.69,6745,2023-02-26 17:12:20.448640,Sell
INSTR839,8769.72,9684,2023-02-26 11:29:40.448640,Buy
INSTR969,7692.3,8317,2023-02-26 11:07:24.448640,Buy
INSTR778,9468.34,9493,2023-02-26 18:27:38.448640,Buy
INSTR870,9585.95,5022,2023-02-26 12:17:30.448640,Buy
INSTR572,8106.84,8231,2023-02-26 17:31:52.448640,Buy
INSTR100,8720.57,978,2023-02-26 12:22:19.448640,Sell
INSTR776,5852.08,1484,2023-02-26 15:53:08.448640,Sell
INSTR803,6005.58,6304,2023-02-26 09:39:40.448640,Buy
INSTR271,6202.62,3736,2023-02-26 12:11:34.448640,Sell
INSTR175,7382.56,1820,2023-02-26 10:50:22.448640,Buy
INSTR189,6105.98,1377,2023-02-26 16:21:02.448640,Buy
INSTR234,7561.38,7456,2023-02-26 09:18:22.448640,Sell
INSTR415,5737.66,9439,2023-02-26 16:50:48.448640,Sell
INSTR58,8828.13,6859,2023-02-26 08:59:06.448640,Buy
INSTR108,8660.4,6960,2023-02-26 13:55:56.448640,Buy
INSTR641,7344.35,3073,2023-02-26 11:17:03.448640,Buy
INSTR284,9171.65,9567,2023-02-26 17:18:23.448640,Sell
INSTR826,6748.31,5949,2023-02-26 17:09:25.448640,Buy
INSTR75,7416.34,6457,2023-02-26 12:16:57.448640,Sell
INSTR525,5838.97,7467,2023-02-26 12:37:06.448640,Sell
INSTR23,9284.79,1369,2023-02-26 17:38:28.448640,Sell
INSTR130,9990.31,2199,2023-02-26 13:00:54.448640,Buy
INSTR869,6463.74,3768,2023-02-26 17:04:56.448640,Sell
INSTR210,8596.07,1595,2023-02-26 11:06:47.448640,Sell
INSTR326,3774.3,2796,2023-02-26 12:03:00.448640,Sell
INSTR448,4818.29,5273,2023-02-26 17:04:09.448640,Buy
INSTR694,7861.89,4057,2023-02-26 13:25:21.448640,Sell
INSTR989,5329.71,2701,2023-02-26 16:52:03.448640,Buy
INSTR417,6966.46,9779,2023-02-26 09:27:04.448640,Sell
INSTR929,5264.84,4586,2023-02-26 13:32:34.448640,Sell
INSTR524,9654.07,473,2023-02-26 12:42:15.448640,Buy
INSTR39,7652.88,7235,2023-02-26 09:57:09.448640,Buy
INSTR506,9585.22,8092,2023-02-26 18:36:42.448640,Sell
INSTR629,8493.3,6075,2023-02-26 12:16:30.448640,Sell
INSTR81,7548.83,4859,2023-02-26 12:46:02.448640,Buy
INSTR922,8976.7,3456,2023-02-26 18:13:50.448640,Buy
INSTR968,1506.93,1676,2023-02-26 16:38:31.448640,Sell
INSTR259,9937.87,3379,2023-02-26 09:09:54.448640,Buy
INSTR136,7383.07,1573,2023-02-26 14:37:44.448640,Sell
INSTR446,6367.77,8343,2023-02-26 10:33:29.448640,Sell
INSTR298,9233.28,5740,2023-02-26 13:28:48.448640,Sell
INSTR231,1739.17,2044,2023-02-26 17:17:30.448640,Sell
INSTR951,9469.1,7090,2023-02-26 12:13:11.448640,Buy
INSTR246,5812.88,1008,2023-02-26 14:50:04.448640,Sell
INSTR725,8840.2,6657,2023-02-26 09:19:34.448640,Sell
INSTR763,6701.86,1933,2023-02-26 09:34:50.448640,Buy
INSTR489,2088.66,4654,2023-02-26 17:45:28.448640,Buy
INSTR651,9895.75,9998,2023-02-26 12:48:06.448640,Sell
INSTR640,9819.5,2534,2023-02-26 13:02:17.448640,Buy
INSTR577,6475.06,138,2023-02-26 18:44:54.448640,Buy
INSTR138,9371.05,6935,2023-02-26 15:43:02.448640,Sell
INSTR839,9323.49,1517,2023-02-26 10:42:31.448640,Sell
INSTR537,9541.56,4179,2023-02-26 11:44:30.448640,Sell
INSTR544,5352.27,5437,2023-02-26 15:50:17.448640,Buy
INSTR945,8334.58,2617,2023-02-26 17:06:07.448640,Sell
INSTR997,9698.2,544,2023-02-26 17:48:27.448640,Buy
INSTR837,7085.56,8654,2023-02-26 14:36:34.448640,Buy
INSTR265,4355.62,3097,2023-02-26 15:29:02.448640,Buy
INSTR42,9536.7,8209,2023-02-26 18:08:55.448640,Buy
INSTR74,7941.09,6277,2023-02-26 15:53:34.448640,Sell
INSTR40,9251.51,961,2023-02-26 12:10:24.448640,Buy
INSTR321,7609.95,8779,2023-02-26 09:00:03.448640,Sell
INSTR177,8851.33,5247,2023-02-26 10:32:30.448640,Buy
INSTR574,9813.92,8657,2023-02-26 18:40:55.448640,Buy
INSTR406,9189.6,8281,2023-02-26 17:10:08.448640,Buy
INSTR755,9683.11,9423,2023-02-26 12:58:36.449639,Buy
INSTR118,8959.48,5547,2023-02-26 15:45:16.449639,Sell
INSTR814,9753.78,2503,2023-02-26 16:35:34.449639,Sell
INSTR587,6636.25,2339,2023-02-26 18:52:27.449639,Sell
INSTR939,8430.69,8336,2023-02-26 12:10:11.449639,Sell
INSTR903,9688.79,6748,2023-02-26 18:09:50.449639,Sell
INSTR375,9470.26,136,2023-02-26 14:17:42.449639,Buy
INSTR985,7720.11,2597,2023-02-26 18:43:20.449639,Sell
INSTR195,8574.23,3843,2023-02-26 11:11:05.449639,Buy
INSTR608,7925.76,341,2023-02-26 17:35:01.449639,Buy
INSTR259,9992.35,655,2023-02-26 10:01:00.449639,Sell
INSTR555,7841.83,4841,2023-02-26 17:21:21.449639,Sell
INSTR101,9695.04,7478,2023-02-26 18:48:37.449639,Sell
INSTR578,5844.61,2590,2023-02-26 13:26:50.449639,Buy
INSTR25,8650.53,1294,2023-02-26 15:17:10.449639,Buy
INSTR233,8778.86,9674,2023-02-26 14:19:00.449639,Buy
INSTR18,9234.05,7851,2023-02-26 15:11:12.449639,Sell
INSTR112,7481.03,6413,2023-02-26 09:51:01.449639,Buy
INSTR355,9298.36,6743,2023-02-26 11:47:27.449639,Buy
INSTR727,9657.9,1330,2023-02-26 15:21:02.449639,Buy
INSTR531,5676.2,1875,2023-02-26 11:11:25.449639,Sell
INSTR345,5607.39,3745,2023-02-26 09:17:54.449639,Sell
INSTR79,7834.39,2338,2023-02-26 15:35:25.449639,Buy
INSTR938,9783.84,3280,2023-02-26 10:28:14.449639,Buy
INSTR492,9091.64,7573,2023-02-26 12:03:40.449639,Sell
INSTR917,7631.22,3438,2023-02-26 17:45:12.449639,Buy
INSTR297,5016.19,1255,2023-02-26 16:25:15.449639,Buy
INSTR973,9567.75,1219,2023-02-26 14:27:58.449639,Buy
INSTR361,9542.45,8861,2023-02-26 11:07:13.449639,Sell
INSTR602,8323.38,7455,2023-02-26 09:09:32.449639,Buy
INSTR521,9763.94,2902,2023-02-26 09:03:30.449639,Sell
INSTR808,6506.32,8508,2023-02-26 09:34:51.449639,Buy
INSTR247,5820.94,134,2023-02-26 13:25:23.449639,Buy
INSTR870,9706.72,8322,2023-02-26 12:46:54.449639,Sell
INSTR48,9649.42,1499,2023-02-26 17:47:11.449639,Sell
INSTR617,7649.02,2879,2023-02-26 10:09:50.449639,Buy
INSTR532,9090.53,1554,2023-02-26 12:55:59.449639,Sell
INSTR492,9061.15,3463,2023-02-26 13:40:12.449639,Sell
INSTR169,9752.16,1598,2023-02-26 13:19:26.449639,Sell
INSTR395,9102.74,239,2023-02-26 16:30:06.449639,Sell
INSTR416,9616.03,6735,2023-02-26 16:16:16.449639,Sell
INSTR489,1091.04,359,2023-02-26 11:31:19.449639,Sell
INSTR376,8962.75,6702,2023-02-26 13:51:25.449639,Buy
INSTR472,9721.41,5300,2023-02-26 17:56:01.449639,Buy
INSTR805,6628.18,7054,2023-02-26 10:37:11.449639,Sell
INSTR802,5956.13,7127,2023-02-26 11:51:07.449639,Buy
INSTR149,7436.69,8607,2023-02-26 11:30:39.449639,Buy
INSTR722,7586.12,7590,2023-02-26 11:22:08.449639,Buy
INSTR633,6320.13,6296,2023-02-26 14:15:23.449639,Sell
INSTR992,6210.32,1524,2023-02-26 09:48:02.449639,Buy
INSTR481,7068.51,5628,2023-02-26 10:55:52.449639,Sell
INSTR275,4468.67,2794,2023-02-26 10:19:05.449639,Buy
INSTR831,9268.93,3910,2023-02-26 16:13:07.449639,Sell
INSTR391,4273.43,6893,2023-02-26 12:33:17.449639,Sell
INSTR259,9972.83,6583,2023-02-26 17:14:34.449639,Sell
INSTR474,9650.86,1233,2023-02-26 12:38:16.449639,Buy
INSTR110,9584.96,9606,2023-02-26 12:55:26.449639,Sell
INSTR409,2627.62,3117,2023-02-26 14:54:25.449639,Sell
INSTR689,9991.92,9644,2023-02-26 09:58:08.449639,Buy
INSTR841,9582.97,4778,2023-02-26 16:28:09.449639,Buy
INSTR975,5904.37,5154,2023-02-26 16:25:23.449639,Buy
INSTR761,9511.39,4581,2023-02-26 17:45:13.449639,Sell
INSTR486,9316.74,3225,2023-02-26 15:07:40.449639,Sell
INSTR287,7671.53,8655,2023-02-26 14:37:28.449639,Buy
INSTR324,9681.51,4549,2023-02-26 14:46:33.449639,Buy
INSTR595,4390.13,7371,2023-02-26 08:58:55.449639,Sell
INSTR568,9261.25,8971,2023-02-26 16:27:50.449639,Sell
INSTR925,8404.13,9731,2023-02-26 13:46:24.449639,Sell
INSTR260,6696.61,2713,2023-02-26 18:25:14.449639,Sell
INSTR276,7699.97,5845,2023-02-26 09:08:01.449639,Sell
INSTR324,9291.38,2025,2023-02-26 09:00:49.449639,Buy
INSTR88,6263.33,6061,2023-02-26 10:52:08.449639,Sell
INSTR764,9711.89,6565,2023-02-26 13:38:37.449639,Sell
INSTR519,9883.39,8137,2023-02-26 09:26:43.449639,Buy
INSTR122,8949.49,8756,2023-02-26 09:28:29.449639,Sell
INSTR130,9977.16,5184,2023-02-26 09:17:57.449639,Buy
INSTR426,8598.98,2808,2023-02-26 18:16:00.449639,Buy
INSTR844,4325.3,459,2023-02-26 10:25:44.449639,Buy
INSTR638,2298.83,3945,2023-02-26 13:06:11.449639,Buy
INSTR57,6166.97,1834,2023-02-26 09:34:22.449639,Sell
INSTR390,8066.48,3535,2023-02-26 11:33:42.449639,Sell
INSTR105,9367.66,6591,2023-02-26 17:17:57.449639,Sell
INSTR149,7840.94,8833,2023-02-26 10:02:02.449639,Buy
INSTR89,7011.88,9055,2023-02-26 16:04:19.449639,Buy
INSTR711,7796.85,1983,2023-02-26 15:23:53.449639,Buy
INSTR532,3908.35,9612,2023-02-26 15:16:57.449639,Sell
INSTR288,5613.34,4768,2023-02-26 10:50:50.449639,Buy
INSTR681,6369.14,9449,2023-02-26 14:11:20.449639,Sell
INSTR701,8582.44,903,2023-02-26 15:08:06.449639,Sell
INSTR501,9613.28,6659,2023-02-26 12:24:59.449639,Sell
INSTR561,6749.17,193,2023-02-26 13:43:15.449639,Buy
INSTR281,8339.1,1873,2023-02-26 14:07:28.449639,Buy
INSTR510,9244.21,2765,2023-02-26 10:52:45.449639,Sell
INSTR267,8950.95,7118,2023-02-26 17:44:12.449639,Buy
INSTR47,1798.34,5663,2023-02-26 11:57:37.449639,Buy
INSTR542,9921.16,254,2023-02-26 15:46:36.449639,Buy
INSTR978,4549.27,2537,2023-02-26 18:04:35.449639,Sell
INSTR407,9063.51,2422,2023-02-26 14:20:21.449639,Sell
INSTR874,9968.83,733,2023-02-26 18:16:30.449639,Buy
INSTR277,5055.94,9198,2023-02-26 13:47:03.449639,Sell
INSTR623,6968.3,8271,2023-02-26 13:37:27.449639,Buy
INSTR366,9876.3,5940,2023-02-26 17:09:39.449639,Buy
INSTR993,6524.32,1905,2023-02-26 16:06:53.449639,Buy
INSTR886,1469.67,6750,2023-02-26 16:46:11.449639,Sell
INSTR573,5473.15,6814,2023-02-26 16:05:03.449639,Sell
INSTR907,8226.34,81,2023-02-26 09:33:05.449639,Buy
INSTR810,9826.98,5125,2023-02-26 11:22:40.449639,Buy
INSTR989,6859.67,5576,2023-02-26 12:55:03.449639,Buy
INSTR737,8270.41,1841,2023-02-26 15:01:07.449639,Sell
INSTR249,9136.9,6039,2023-02-26 17:22:14.449639,Sell
INSTR176,6381.35,3161,2023-02-26 17:03:57.449639,Sell
INSTR250,5346.76,5773,2023-02-26 12:41:52.449639,Buy
INSTR890,2486.36,838,2023-02-26 17:08:20.449639,Buy
INSTR410,6384.06,6336,2023-02-26 09:39:21.449639,Buy
INSTR248,9115.07,7091,2023-02-26 12:50:48.449639,Sell
INSTR145,8544.32,4475,2023-02-26 11:35:21.449639,Sell
INSTR583,6864.56,5306,2023-02-26 18:35:49.449639,Sell
INSTR579,9903.13,2918,2023-02-26 13:43:13.449639,Sell
INSTR645,4550.1,5437,2023-02-26 11:03:26.449639,Sell
INSTR210,8934.62,9491,2023-02-26 09:25:18.449639,Sell
INSTR993,1218.54,900,2023-02-26 16:38:30.449639,Buy
INSTR900,2889.03,9773,2023-02-26 10:54:33.449639,Buy
INSTR155,8621.58,1188,2023-02-26 18:11:02.449639,Buy
INSTR657,8873.34,6494,2023-02-26 11:42:28.449639,Sell
INSTR939,8714.98,112,2023-02-26 15:47:25.449639,Sell
INSTR485,4641.99,3640,2023-02-26 17:23:23.449639,Buy
INSTR782,9348.64,3581,2023-02-26 17:45:33.449639,Sell
INSTR272,4248.63,8096,2023-02-26 17:21:13.449639,Buy
INSTR713,7734.24,7640,2023-02-26 16:11:30.449639,Sell
INSTR370,6920.96,2723,2023-02-26 14:40:01.449639,Buy
INSTR735,4808.8,2004,2023-02-26 17:36:29.449639,Buy
INSTR891,9845.92,936,2023-02-26 16:48:01.449639,Sell
INSTR351,3871.79,4531,2023-02-26 16:10:33.449639,Buy
INSTR850,8540.46,6689,2023-02-26 16:22:08.449639,Sell
INSTR895,4475.67,3484,2023-02-26 13:56:19.449639,Buy
INSTR513,9880.88,1628,2023-02-26 14:39:01.449639,Buy
INSTR336,7218.5,1957,2023-02-26 13:29:31.449639,Sell
INSTR282,9769.69,8720,2023-02-26 15:31:37.449639,Sell
INSTR642,9494.17,61,2023-02-26 09:12:45.449639,Sell
INSTR212,9306.86,5236,2023-02-26 12:12:11.449639,Buy
INSTR881,6471.39,3396,2023-02-26 14:27:22.449639,Sell
INSTR721,9702.24,2939,2023-02-26 13:47:19.449639,Sell
INSTR251,8950.71,8824,2023-02-26 17:40:22.449639,Sell
INSTR166,9156.99,283,2023-02-26 10:49:34.449639,Buy
INSTR411,9667.86,4052,2023-02-26 15:12:22.449639,Sell
INSTR13,7729.13,3489,2023-02-26 18:03:28.449639,Buy
INSTR659,8943.8,31,2023-02-26 17:25:54.449639,Sell
INSTR761,7804.64,2824,2023-02-26 09:09:45.449639,Sell
INSTR877,9798.75,9458,2023-02-26 10:43:07.449639,Sell
INSTR169,1890.45,2762,2023-02-26 10:52:18.449639,Sell
INSTR156,8618.93,8264,2023-02-26 09:18:42.449639,Sell
INSTR313,9186.57,6500,2023-02-26 18:03:44.449639,Sell
INSTR939,5364.8,4975,2023-02-26 13:11:34.449639,Buy
INSTR219,9766.9,9409,2023-02-26 13:30:22.449639,Sell
INSTR507,9023.56,6643,2023-02-26 15:37:14.449639,Buy
INSTR730,5535.32,3119,2023-02-26 16:51:24.449639,Buy
INSTR563,6499.68,6360,2023-02-26 09:12:26.449639,Buy
INSTR60,9383.39,2807,2023-02-26 17:50:05.449639,Buy
INSTR536,8058.22,8004,2023-02-26 16:55:14.449639,Buy
INSTR61,5358.61,3996,2023-02-26 16:41:38.449639,Sell
INSTR231,7149.68,6380,2023-02-26 11:24:38.449639,Buy
INSTR324,8293.68,5106,2023-02-26 10:52:21.449639,Sell
INSTR850,9222.25,9176,2023-02-26 17:08:51.449639,Buy
INSTR115,6311.51,8370,2023-02-26 14:06:41.449639,Buy
INSTR350,9030.47,827,2023-02-26 17:44:20.449639,Buy
INSTR71,9917.05,1092,2023-02-26 16:22:23.449639,Sell
INSTR368,6772.43,2297,2023-02-26 11:33:56.449639,Sell
INSTR453,2002.32,6768,2023-02-26 14:47:48.449639,Buy
INSTR209,5783.72,3257,2023-02-26 16:57:19.449639,Buy
INSTR411,7467.14,3921,2023-02-26 09:12:55.449639,Sell
INSTR815,2267.43,3180,2023-02-26 14:34:02.449639,Sell
INSTR180,5813.97,8931,2023-02-26 18:28:17.449639,Buy
INSTR661,8551.23,2871,2023-02-26 16:39:38.449639,Sell
INSTR907,8418.92,3615,2023-02-26 18:24:29.449639,Buy
INSTR240,4376.85,5377,2023-02-26 13:40:10.449639,Sell
INSTR176,6221.26,211,2023-02-26 09:43:46.449639,Sell
INSTR384,6519.11,9001,2023-02-26 11:42:26.449639,Sell
INSTR885,7285.37,7908,2023-02-26 13:40:49.449639,Buy
INSTR223,6884.53,3790,2023-02-26 18:04:17.449639,Sell
INSTR576,9910.03,5106,2023-02-26 18:32:54.449639,Sell
INSTR364,8271.28,9546,2023-02-26 12:32:56.449639,Sell
INSTR96,9611.2,300,2023-02-26 13:41:07.449639,Sell
INSTR984,6170.49,6447,2023-02-26 11:12:39.449639,Buy
INSTR963,7651.47,7506,2023-02-26 11:49:04.449639,Buy
INSTR953,9587.44,9981,2023-02-26 18:10:08.449639,Sell
INSTR283,9768.81,4224,2023-02-26 16:25:42.449639,Buy
INSTR8,9941.52,5451,2023-02-26 16:05:20.449639,Buy
INSTR377,9516.91,4868,2023-02-26 18:29:03.449639,Sell
INSTR325,8092.65,1242,2023-02-26 09:50:02.449639,Sell
INSTR720,9684.47,5670,2023-02-26 15:33:10.449639,Sell
INSTR705,5010.35,93,2023-02-26 18:05:05.449639,Sell
INSTR675,3346.03,5092,2023-02-26 10:13:51.450639,Sell
INSTR590,9700.4,6023,2023-02-26 11:00:33.450639,Buy
INSTR369,7743.61,4639,2023-02-26 17:47:35.450639,Buy
INSTR826,4469.65,1666,2023-02-26 12:11:49.450639,Buy
INSTR394,3646.73,5130,2023-02-26 16:44:44.450639,Sell
INSTR461,7015.71,5999,2023-02-26 14:32:23.450639,Sell
INSTR584,9486.26,9273,2023-02-26 17:17:23.450639,Buy
INSTR390,6387.44,1423,2023-02-26 15:45:15.450639,Sell
INSTR912,6152.59,5941,2023-02-26 12:03:32.450639,Sell
INSTR205,9609.73,3438,2023-02-26 12:19:57.450639,Buy
INSTR802,2917.41,6435,2023-02-26 14:35:29.450639,Sell
INSTR873,9989.93,9667,2023-02-26 17:22:51.450639,Sell
INSTR683,5323.08,1894,2023-02-26 15:08:59.450639,Buy
INSTR707,9643.11,7349,2023-02-26 10:42:20.450639,Sell
INSTR626,5627.24,3000,2023-02-26 09:17:10.450639,Sell
INSTR111,9880.89,106,2023-02-26 15:07:42.450639,Sell
INSTR258,7996.12,9033,2023-02-26 18:29:53.450639,Buy
INSTR124,8577.34,1569,2023-02-26 10:27:17.450639,Sell
INSTR58,9396.36,4232,2023-02-26 11:10:28.450639,Sell
INSTR193,8689.31,3276,2023-02-26 14:01:38.450639,Buy
INSTR380,5119.81,3659,2023-02-26 16:16:04.450639,Sell
INSTR232,5765.35,1674,2023-02-26 11:01:21.450639,Sell
INSTR535,9711.17,1451,2023-02-26 14:03:04.450639,Sell
INSTR219,9453.67,9713,2023-02-26 09:00:42.450639,Sell
INSTR452,9589.12,9466,2023-02-26 12:24:58.450639,Buy
INSTR194,9753.1,5670,2023-02-26 09:40:11.450639,Buy
INSTR519,9344.11,3379,2023-02-26 12:53:30.450639,Sell
INSTR196,8197.43,859,2023-02-26 12:51:56.450639,Buy
INSTR651,9734.52,3537,2023-02-26 12:13:53.450639,Sell
INSTR469,9844.76,9675,2023-02-26 15:30:22.450639,Buy
INSTR312,4854.55,3346,2023-02-26 18:03:43.450639,Sell
INSTR38,9268.05,7866,2023-02-26 09:55:02.450639,Buy
INSTR218,4773.99,5940,2023-02-26 09:28:18.450639,Buy
INSTR502,8096.15,9239,2023-02-26 18:02:24.450639,Sell
INSTR402,2014.83,4374,2023-02-26 13:57:43.450639,Buy
INSTR802,9298.25,8036,2023-02-26 10:23:52.450639,Buy
INSTR561,6669.04,6207,2023-02-26 15:53:01.450639,Buy
INSTR55,2799.81,6600,2023-02-26 16:37:36.450639,Buy
INSTR748,7686.06,4591,2023-02-26 18:04:00.450639,Sell
INSTR335,4488.47,5458,2023-02-26 14:42:49.450639,Sell
INSTR52,5068.6,7305,2023-02-26 14:46:24.450639,Sell
INSTR500,9992.48,7811,2023-02-26 11:06:58.450639,Sell
INSTR881,7841.59,5197,2023-02-26 10:43:47.450639,Sell
INSTR742,9538.63,4187,2023-02-26 14:16:33.450639,Sell
INSTR50,7493.14,207,2023-02-26 13:36:22.450639,Sell
INSTR752,1004.66,9463,2023-02-26 10:11:08.450639,Sell
INSTR323,6592.1,2644,2023-02-26 17:44:15.450639,Buy
INSTR743,9608.16,1701,2023-02-26 10:25:09.450639,Buy
INSTR508,6947.91,3169,2023-02-26 10:17:26.450639,Buy
INSTR702,9178.65,3899,2023-02-26 16:44:53.450639,Buy
INSTR718,8193.63,1478,2023-02-26 11:52:16.450639,Buy
INSTR483,9798.81,8746,2023-02-26 18:13:47.450639,Sell
INSTR772,8265.98,1660,2023-02-26 10:11:43.450639,Buy
INSTR306,7063.97,7712,2023-02-26 10:54:35.450639,Buy
INSTR255,6698.26,7835,2023-02-26 15:36:14.450639,Buy
INSTR431,9830.9,6114,2023-02-26 17:59:12.450639,Buy
INSTR803,9383.88,5626,2023-02-26 11:30:52.450639,Buy
INSTR361,9875.29,8711,2023-02-26 15:12:31.450639,Buy
INSTR617,7774.13,2058,2023-02-26 15:34:44.450639,Sell
INSTR572,6579.63,7573,2023-02-26 16:51:17.450639,Buy
INSTR8,9490.34,1858,2023-02-26 17:59:00.450639,Buy
INSTR197,9586.83,2023,2023-02-26 16:21:31.450639,Sell
INSTR813,9770.49,739,2023-02-26 09:07:08.450639,Buy
INSTR579,9923.99,6164,2023-02-26 16:16:11.450639,Sell
INSTR534,5452.83,542,2023-02-26 17:56:33.450639,Buy
INSTR572,4913.62,850,2023-02-26 11:59:10.450639,Buy
INSTR616,8368.62,7997,2023-02-26 11:37:32.450639,Buy
INSTR323,6731.32,2673,2023-02-26 11:08:06.450639,Sell
INSTR407,3081.05,6334,2023-02-26 13:18:02.450639,Buy
INSTR288,8431.32,6482,2023-02-26 18:52:21.450639,Sell
INSTR919,7379.86,8314,2023-02-26 14:39:58.450639,Buy
INSTR994,2047.81,3079,2023-02-26 09:38:04.450639,Buy
INSTR825,9289.17,5842,2023-02-26 14:14:02.450639,Buy
INSTR520,5182.73,26,2023-02-26 11:01:26.450639,Buy
INSTR189,7520.55,7181,2023-02-26 13:04:28.450639,Sell
INSTR27,9575.82,6454,2023-02-26 10:29:21.450639,Sell
INSTR750,7977.95,3336,2023-02-26 12:42:36.450639,Buy
INSTR356,8516.6,840,2023-02-26 15:05:30.450639,Sell
INSTR66,9599.09,8987,2023-02-26 16:19:14.450639,Buy
INSTR683,7774.87,477,2023-02-26 09:57:09.450639,Buy
INSTR494,9814.18,8103,2023-02-26 10:35:16.450639,Buy
INSTR812,2713.85,7810,2023-02-26 10:23:33.450639,Sell
INSTR935,8518.91,4294,2023-02-26 16:32:33.450639,Sell
INSTR388,6972.16,786,2023-02-26 14:07:06.450639,Sell
INSTR978,6324.69,6913,2023-02-26 12:28:47.450639,Sell
INSTR801,8986.85,4616,2023-02-26 10:30:28.450639,Sell
INSTR472,9578.48,2694,2023-02-26 11:48:25.450639,Buy
INSTR875,9316.63,1674,2023-02-26 18:23:32.450639,Buy
INSTR428,6540.66,1319,2023-02-26 15:38:53.450639,Buy
INSTR805,5606.98,3538,2023-02-26 09:51:17.450639,Sell
INSTR848,9760.76,138,2023-02-26 16:22:28.450639,Sell
INSTR799,9555.11,7125,2023-02-26 09:10:58.450639,Sell
INSTR921,7399.81,7105,2023-02-26 09:30:45.450639,Buy
INSTR701,9772.81,1858,2023-02-26 17:29:43.450639,Buy
INSTR40,9936.92,9386,2023-02-26 11:34:56.450639,Buy
INSTR175,6339.2,9791,2023-02-26 16:39:34.450639,Sell
INSTR734,6009.61,7032,2023-02-26 09:01:43.450639,Sell
INSTR453,9592.96,970,2023-02-26 18:01:18.450639,Sell
INSTR60,6923.37,6344,2023-02-26 09:36:28.450639,Sell
INSTR81,4436.7,6345,2023-02-26 18:50:21.450639,Buy
INSTR496,9253.24,1340,2023-02-26 09:29:41.450639,Sell
INSTR584,9811.05,3481,2023-02-26 16:04:21.450639,Sell
INSTR607,8369.09,9982,2023-02-26 10:50:04.450639,Sell
INSTR287,8702.0,9345,2023-02-26 13:30:14.450639,Sell
INSTR875,9847.2,3864,2023-02-26 12:33:25.450639,Buy
INSTR38,9535.47,2741,2023-02-26 12:01:58.450639,Buy
INSTR213,1216.37,1450,2023-02-26 18:10:31.450639,Buy
INSTR113,6739.18,9301,2023-02-26 18:25:29.450639,Sell
INSTR67,8632.47,2011,2023-02-26 17:52:36.450639,Sell
INSTR261,8529.16,7778,2023-02-26 13:03:38.450639,Sell
INSTR412,3935.18,8380,2023-02-26 14:41:35.450639,Buy
INSTR126,9257.21,9214,2023-02-26 14:41:27.450639,Sell
INSTR873,6970.32,2081,2023-02-26 17:57:49.450639,Sell
INSTR824,6483.41,1258,2023-02-26 18:51:21.450639,Buy
INSTR101,9613.28,8797,2023-02-26 14:13:46.450639,Buy
INSTR709,9911.74,3343,2023-02-26 13:21:13.450639,Sell
INSTR881,9284.59,9618,2023-02-26 11:16:33.450639,Buy
INSTR678,9370.3,6538,2023-02-26 12:15:48.450639,Sell
INSTR261,9128.82,5691,2023-02-26 14:34:01.450639,Sell
INSTR871,6472.5,9276,2023-02-26 16:05:41.450639,Sell
INSTR165,8688.29,3254,2023-02-26 13:35:12.450639,Sell
INSTR67,8566.57,2335,2023-02-26 14:55:14.450639,Buy
INSTR86,6392.4,1118,2023-02-26 15:13:40.450639,Buy
INSTR992,4080.44,952,2023-02-26 12:55:09.450639,Sell
INSTR130,9967.01,4988,2023-02-26 17:31:46.450639,Buy
INSTR437,8223.51,2938,2023-02-26 09:51:31.450639,Sell
INSTR338,6173.89,728,2023-02-26 15:05:22.450639,Sell
INSTR831,9597.92,5847,2023-02-26 14:52:13.450639,Buy
INSTR168,9840.87,5521,2023-02-26 13:55:05.450639,Sell
INSTR191,2315.07,2753,2023-02-26 16:06:28.450639,Sell
INSTR982,3882.56,9235,2023-02-26 11:14:10.450639,Buy
INSTR451,8167.77,6219,2023-02-26 10:28:48.450639,Buy
INSTR735,7296.93,6265,2023-02-26 12:58:30.450639,Sell
INSTR233,8699.77,346,2023-02-26 13:53:40.450639,Buy
INSTR190,5855.91,1484,2023-02-26 15:48:32.450639,Buy
INSTR992,7803.25,6668,2023-02-26 15:56:50.450639,Buy
INSTR547,8797.14,1490,2023-02-26 08:57:44.450639,Sell
INSTR280,9478.58,4926,2023-02-26 11:43:59.450639,Sell
INSTR41,9660.38,3124,2023-02-26 16:17:17.450639,Sell
INSTR4,9781.77,5385,2023-02-26 18:41:05.450639,Buy
INSTR256,5598.98,365,2023-02-26 14:22:39.450639,Sell
INSTR86,5319.57,3397,2023-02-26 14:34:45.450639,Sell
INSTR736,3644.37,161,2023-02-26 11:21:47.450639,Buy
INSTR519,9759.96,8567,2023-02-26 12:52:00.450639,Buy
INSTR394,1512.29,5126,2023-02-26 10:04:05.450639,Buy
INSTR734,7418.81,4270,2023-02-26 09:13:58.450639,Buy
INSTR374,8974.65,1856,2023-02-26 17:51:00.450639,Buy
INSTR784,7245.94,7340,2023-02-26 16:07:20.450639,Buy
INSTR884,8627.0,5590,2023-02-26 16:15:54.450639,Buy
INSTR741,7917.62,5803,2023-02-26 14:24:53.450639,Sell
INSTR299,9430.72,4536,2023-02-26 09:16:36.450639,Buy
INSTR804,8396.84,2073,2023-02-26 18:06:22.450639,Buy
INSTR683,7593.75,8434,2023-02-26 15:46:07.450639,Sell
INSTR587,5320.74,6008,2023-02-26 13:47:21.450639,Sell
INSTR431,7524.88,9604,2023-02-26 15:05:07.450639,Sell
INSTR820,4927.25,770,2023-02-26 14:29:56.450639,Buy
INSTR670,5064.64,4158,2023-02-26 17:14:32.450639,Buy
INSTR354,6470.91,5211,2023-02-26 12:57:47.450639,Sell
INSTR574,9066.64,4729,2023-02-26 10:26:29.450639,Buy
INSTR603,4206.76,8028,2023-02-26 17:39:16.450639,Buy
INSTR597,4707.69,9764,2023-02-26 16:31:02.450639,Sell
INSTR693,9032.91,9872,2023-02-26 13:36:35.450639,Buy
INSTR806,7046.42,8988,2023-02-26 10:34:41.450639,Buy
INSTR519,9455.27,2928,2023-02-26 12:14:18.450639,Sell
INSTR20,6595.0,1931,2023-02-26 16:17:51.450639,Buy
INSTR337,7122.67,7376,2023-02-26 13:45:42.450639,Sell
INSTR534,5330.84,4182,2023-02-26 15:06:24.450639,Sell
INSTR144,8481.58,8489,2023-02-26 18:50:42.450639,Sell
INSTR249,9709.01,8669,2023-02-26 14:07:31.450639,Buy
INSTR191,2415.58,3210,2023-02-26 11:26:58.450639,Buy
INSTR944,6687.96,5496,2023-02-26 12:38:55.450639,Buy
INSTR524,9796.55,998,2023-02-26 13:38:20.450639,Buy
INSTR171,8645.05,4273,2023-02-26 10:59:47.450639,Sell
INSTR531,9490.26,7233,2023-02-26 14:12:08.450639,Sell
INSTR666,4229.09,5232,2023-02-26 17:24:57.450639,Sell
INSTR64,9254.14,2717,2023-02-26 16:41:36.450639,Buy
INSTR889,3135.23,6010,2023-02-26 12:51:11.450639,Buy
INSTR626,6568.9,9846,2023-02-26 18:21:29.450639,Sell
INSTR650,9181.86,8191,2023-02-26 12:51:41.450639,Sell
INSTR13,5115.54,917,2023-02-26 10:38:58.450639,Buy
INSTR282,8133.66,2243,2023-02-26 10:42:42.450639,Sell
INSTR944,6131.87,4666,2023-02-26 10:37:09.450639,Sell
INSTR946,8003.95,6264,2023-02-26 18:25:36.450639,Sell
INSTR380,7840.67,3963,2023-02-26 15:23:48.450639,Buy
INSTR220,5049.51,5890,2023-02-26 09:18:19.450639,Sell
INSTR964,5910.69,6357,2023-02-26 11:31:51.450639,Sell
INSTR804,7058.24,9703,2023-02-26 11:22:50.450639,Sell
INSTR325,9938.79,7264,2023-02-26 09:18:54.450639,Buy
INSTR404,9301.32,9546,2023-02-26 10:54:13.450639,Buy
INSTR407,3288.42,3837,2023-02-26 16:14:30.450639,Sell
INSTR365,9166.28,5402,2023-02-26 11:09:41.451639,Buy
INSTR988,2622.06,8512,2023-02-26 16:39:08.451639,Sell
INSTR319,6942.28,3543,2023-02-26 15:07:20.451639,Sell
INSTR184,8785.34,4828,2023-02-26 11:32:56.451639,Buy
INSTR135,9278.83,7306,2023-02-26 15:21:19.451639,Buy
INSTR447,2802.4,3928,2023-02-26 16:29:56.451639,Buy
INSTR387,9045.46,4935,2023-02-26 13:44:46.451639,Sell
INSTR100,6457.36,4438,2023-02-26 12:39:51.451639,Buy
INSTR710,4238.24,9289,2023-02-26 10:51:45.451639,Buy
INSTR881,9170.34,9853,2023-02-26 12:40:58.451639,Buy
INSTR200,9939.38,7735,2023-02-26 16:43:04.451639,Sell
INSTR37,9889.39,692,2023-02-26 18:43:47.451639,Buy
INSTR506,8741.72,5829,2023-02-26 16:50:41.451639,Buy
INSTR467,5730.65,945,2023-02-26 11:03:32.451639,Sell
INSTR178,6413.26,2119,2023-02-26 10:22:59.451639,Buy
INSTR77,9194.3,2101,2023-02-26 14:04:19.451639,Sell
INSTR362,1327.94,8987,2023-02-26 16:23:20.451639,Buy
INSTR550,6407.63,1679,2023-02-26 15:36:00.451639,Buy
INSTR709,9845.44,646,2023-02-26 17:31:00.451639,Buy
INSTR882,7532.31,3646,2023-02-26 09:40:03.451639,Sell
INSTR751,3188.96,7497,2023-02-26 12:40:53.451639,Buy
INSTR326,3879.82,7443,2023-02-26 11:19:29.451639,Sell
INSTR612,2159.61,711,2023-02-26 16:29:18.451639,Buy
INSTR484,9827.94,4333,2023-02-26 17:56:20.451639,Sell
INSTR468,8580.63,1879,2023-02-26 09:07:40.451639,Buy
INSTR221,6030.59,4463,2023-02-26 15:42:48.451639,Buy
INSTR174,9557.68,8070,2023-02-26 10:42:13.451639,Sell
INSTR519,9321.22,7400,2023-02-26 09:33:27.451639,Buy
INSTR887,8535.28,2554,2023-02-26 10:26:41.451639,Buy
INSTR159,8684.77,8867,2023-02-26 15:55:44.451639,Buy
INSTR322,9378.95,9963,2023-02-26 11:11:57.451639,Sell
INSTR26,8433.2,3961,2023-02-26 15:30:04.451639,Sell
INSTR984,4914.69,9339,2023-02-26 10:19:11.451639,Buy
INSTR956,4400.32,833,2023-02-26 12:10:44.451639,Sell
INSTR122,9933.45,6165,2023-02-26 13:28:53.451639,Buy
INSTR283,9955.59,374,2023-02-26 10:59:01.451639,Buy
INSTR11,7931.58,6693,2023-02-26 10:21:33.451639,Buy
INSTR142,9382.99,8495,2023-02-26 14:43:12.451639,Buy
INSTR560,2675.6,6681,2023-02-26 10:27:29.451639,Buy
INSTR797,8338.23,9392,2023-02-26 18:18:48.451639,Sell
INSTR159,8153.47,7401,2023-02-26 18:24:29.451639,Buy
INSTR404,9791.75,8167,2023-02-26 09:33:55.451639,Sell
INSTR542,8533.1,1021,2023-02-26 18:05:16.451639,Sell
INSTR818,9233.39,4413,2023-02-26 15:49:43.451639,Sell
INSTR725,9574.61,9496,2023-02-26 15:41:23.451639,Buy
INSTR967,5400.67,4066,2023-02-26 11:31:20.451639,Buy
INSTR741,8686.84,8197,2023-02-26 13:29:36.451639,Buy
INSTR929,4614.91,5987,2023-02-26 10:55:39.451639,Buy
INSTR72,6795.81,6164,2023-02-26 15:42:46.451639,Sell
INSTR577,1972.87,284,2023-02-26 14:05:31.451639,Buy
INSTR201,7572.83,1064,2023-02-26 12:45:14.451639,Sell
INSTR467,6602.61,4177,2023-02-26 14:39:45.451639,Buy
INSTR19,3096.65,7531,2023-02-26 18:34:41.451639,Buy
INSTR92,6733.41,7444,2023-02-26 11:20:05.451639,Sell
INSTR939,3821.13,1396,2023-02-26 15:47:04.451639,Sell
INSTR622,7621.19,2776,2023-02-26 12:27:54.451639,Buy
INSTR796,9703.78,6639,2023-02-26 17:29:01.451639,Sell
INSTR122,6347.52,7299,2023-02-26 16:07:49.451639,Sell
INSTR442,9731.31,6914,2023-02-26 12:25:23.451639,Buy
INSTR71,2433.21,4476,2023-02-26 16:54:41.451639,Sell
INSTR337,7298.83,3296,2023-02-26 10:27:46.451639,Sell
INSTR611,5630.64,9121,2023-02-26 18:48:24.451639,Sell
INSTR582,9958.16,9702,2023-02-26 18:23:38.451639,Buy
INSTR526,7402.84,9389,2023-02-26 12:04:38.451639,Buy
INSTR403,2712.86,9655,2023-02-26 10:42:49.451639,Sell
INSTR743,6580.22,9877,2023-02-26 10:04:19.451639,Sell
INSTR643,8085.89,6313,2023-02-26 17:10:12.451639,Buy
INSTR297,7162.9,865,2023-02-26 17:54:33.451639,Buy
INSTR231,3341.12,8621,2023-02-26 11:13:01.451639,Buy
INSTR167,8872.37,1056,2023-02-26 13:37:05.451639,Sell
INSTR588,8097.65,3344,2023-02-26 10:32:58.451639,Sell
INSTR24,6432.7,8933,2023-02-26 13:57:26.451639,Buy
INSTR593,1808.38,470,2023-02-26 11:22:29.451639,Buy
INSTR418,3254.02,590,2023-02-26 13:02:30.451639,Sell
INSTR796,9841.29,7818,2023-02-26 16:39:57.451639,Sell
INSTR229,9351.86,7850,2023-02-26 10:03:20.451639,Buy
INSTR413,5298.98,9226,2023-02-26 17:15:24.451639,Buy
INSTR106,3887.35,6448,2023-02-26 10:09:50.451639,Buy
INSTR644,9530.88,182,2023-02-26 16:01:45.451639,Sell
INSTR386,8750.42,2607,2023-02-26 17:14:39.451639,Sell
INSTR414,8052.43,186,2023-02-26 17:23:10.451639,Sell
INSTR362,4811.55,8214,2023-02-26 15:37:11.451639,Sell
INSTR288,8156.86,5538,2023-02-26 15:33:58.451639,Buy
INSTR841,9693.87,5269,2023-02-26 14:51:36.451639,Buy
INSTR835,9918.07,5048,2023-02-26 13:13:12.451639,Sell
INSTR584,9857.88,5532,2023-02-26 09:37:04.451639,Sell
INSTR778,9591.03,652,2023-02-26 16:48:24.451639,Buy
INSTR627,6244.92,1629,2023-02-26 11:07:19.451639,Buy
INSTR372,8579.61,7334,2023-02-26 10:37:10.451639,Sell
INSTR694,2317.02,3508,2023-02-26 08:56:55.451639,Buy
INSTR36,8197.96,2472,2023-02-26 13:07:37.451639,Buy
INSTR322,8410.16,5632,2023-02-26 12:12:06.451639,Buy
INSTR857,4013.48,8144,2023-02-26 12:37:39.451639,Sell
INSTR903,9275.14,4653,2023-02-26 18:19:26.451639,Sell
INSTR722,7784.11,5865,2023-02-26 14:45:25.451639,Sell
INSTR736,6429.11,8495,2023-02-26 10:28:46.451639,Buy
INSTR287,9334.6,8339,2023-02-26 15:33:35.451639,Sell
INSTR794,9811.01,8895,2023-02-26 16:32:04.451639,Buy
INSTR272,761.16,9989,2023-02-26 09:34:16.451639,Buy
INSTR910,7885.84,4667,2023-02-26 15:51:39.451639,Sell
INSTR347,682.32,7093,2023-02-26 18:13:49.451639,Sell
INSTR979,4950.69,9843,2023-02-26 13:43:57.451639,Buy
INSTR787,3944.0,4398,2023-02-26 10:08:17.451639,Sell
INSTR433,9588.03,9949,2023-02-26 11:25:30.451639,Sell
INSTR571,5836.62,6685,2023-02-26 13:01:20.451639,Buy
INSTR776,5116.44,1763,2023-02-26 17:57:29.451639,Sell
INSTR977,8336.36,9394,2023-02-26 13:40:28.451639,Sell
INSTR131,9991.13,2236,2023-02-26 15:20:40.451639,Buy
INSTR162,6582.65,8757,2023-02-26 11:10:20.451639,Sell
INSTR437,9798.46,6599,2023-02-26 13:42:43.451639,Buy
INSTR431,9719.79,5161,2023-02-26 15:43:05.451639,Buy
INSTR196,6744.1,7040,2023-02-26 13:52:01.451639,Sell
INSTR955,6110.53,6588,2023-02-26 16:27:49.451639,Sell
INSTR339,7884.18,3482,2023-02-26 18:20:10.451639,Buy
INSTR352,9545.57,7135,2023-02-26 11:29:25.451639,Buy
INSTR918,9950.69,3158,2023-02-26 10:17:02.451639,Buy
INSTR322,8349.25,746,2023-02-26 12:15:45.451639,Sell
INSTR769,7261.91,2229,2023-02-26 16:07:11.451639,Sell
INSTR849,6099.77,8736,2023-02-26 12:07:46.451639,Sell
INSTR914,3172.19,5551,2023-02-26 11:15:16.451639,Buy
INSTR209,5418.61,4129,2023-02-26 12:22:19.451639,Sell
INSTR737,6081.37,4779,2023-02-26 17:27:32.451639,Sell
INSTR638,4393.81,7026,2023-02-26 14:05:33.451639,Sell
INSTR934,4901.02,600,2023-02-26 18:38:52.451639,Buy
INSTR814,7506.1,4938,2023-02-26 12:11:48.451639,Sell
INSTR949,9572.02,8540,2023-02-26 14:19:37.451639,Buy
INSTR312,2835.99,1374,2023-02-26 18:43:07.451639,Buy
INSTR918,9735.76,1466,2023-02-26 17:04:52.451639,Sell
INSTR737,8234.71,8368,2023-02-26 12:51:51.451639,Buy
INSTR564,9267.74,9247,2023-02-26 13:24:40.451639,Buy
INSTR813,2032.96,7658,2023-02-26 13:20:03.451639,Buy
INSTR451,7289.9,4869,2023-02-26 14:10:17.451639,Sell
INSTR204,7091.79,8611,2023-02-26 15:52:12.451639,Buy
INSTR217,8902.79,2275,2023-02-26 13:04:22.451639,Buy
INSTR459,9966.98,6241,2023-02-26 16:52:57.451639,Buy
INSTR427,8672.14,441,2023-02-26 18:23:05.451639,Buy
INSTR812,6836.07,3769,2023-02-26 09:28:12.451639,Sell
INSTR564,7880.09,620,2023-02-26 13:11:14.451639,Sell
INSTR855,7235.21,9618,2023-02-26 14:46:55.451639,Sell
INSTR644,9925.55,1617,2023-02-26 15:36:34.451639,Sell
INSTR608,9320.25,3494,2023-02-26 11:39:58.451639,Sell
INSTR837,9467.19,7757,2023-02-26 09:51:03.451639,Sell
INSTR304,4510.67,7273,2023-02-26 11:53:27.451639,Sell
INSTR236,7169.73,6856,2023-02-26 17:09:06.451639,Sell
INSTR581,7620.27,4301,2023-02-26 13:44:37.451639,Sell
INSTR987,8901.83,4442,2023-02-26 12:04:34.451639,Buy
INSTR915,9973.59,9858,2023-02-26 18:41:28.451639,Sell
INSTR554,6509.47,2602,2023-02-26 14:50:13.451639,Buy
INSTR977,9278.07,8960,2023-02-26 12:20:08.451639,Buy
INSTR172,8376.71,5461,2023-02-26 13:38:31.451639,Buy
INSTR704,8708.46,7588,2023-02-26 14:02:30.451639,Buy
INSTR761,8782.02,3225,2023-02-26 14:07:07.451639,Sell
INSTR909,9856.71,8610,2023-02-26 14:49:47.451639,Sell
INSTR281,8518.84,3077,2023-02-26 16:27:04.451639,Buy
INSTR523,6838.4,8341,2023-02-26 10:13:44.451639,Sell
INSTR212,9970.82,7404,2023-02-26 14:52:32.451639,Sell
INSTR264,8618.54,7618,2023-02-26 17:02:28.451639,Buy
INSTR875,9175.85,8021,2023-02-26 09:16:11.451639,Buy
INSTR678,8923.14,8736,2023-02-26 10:10:35.451639,Sell
INSTR67,7745.22,9274,2023-02-26 10:46:21.451639,Sell
INSTR898,5272.91,8990,2023-02-26 11:16:24.451639,Sell
INSTR23,9261.85,5321,2023-02-26 14:23:32.451639,Buy
INSTR132,6755.77,4575,2023-02-26 15:27:52.451639,Sell
INSTR387,7219.49,178,2023-02-26 18:37:24.451639,Sell
INSTR318,9539.99,4420,2023-02-26 11:32:38.451639,Sell
INSTR667,7742.93,9015,2023-02-26 15:07:39.451639,Buy
INSTR867,6653.26,7962,2023-02-26 18:08:29.451639,Buy
INSTR514,9618.64,2357,2023-02-26 15:39:04.451639,Buy
INSTR106,6556.07,4974,2023-02-26 09:53:24.451639,Sell
INSTR812,5165.37,3289,2023-02-26 11:52:55.451639,Sell
INSTR32,9349.34,8803,2023-02-26 13:13:25.451639,Sell
INSTR430,4713.1,4594,2023-02-26 16:41:24.451639,Sell
INSTR619,4830.75,2266,2023-02-26 15:37:23.451639,Buy
INSTR931,8469.85,9895,2023-02-26 15:46:56.451639,Sell
INSTR636,8575.51,8297,2023-02-26 13:27:38.451639,Buy
INSTR328,5729.86,6209,2023-02-26 11:44:05.451639,Sell
INSTR585,9406.88,5624,2023-02-26 15:18:05.451639,Sell
INSTR178,8120.47,8406,2023-02-26 09:31:25.451639,Buy
INSTR976,7323.81,3987,2023-02-26 09:54:59.451639,Sell
INSTR715,7385.36,8633,2023-02-26 15:24:25.451639,Buy
INSTR744,8655.05,4785,2023-02-26 13:42:13.451639,Sell
INSTR570,9906.53,7606,2023-02-26 09:56:08.451639,Sell
INSTR461,7423.72,461,2023-02-26 15:06:43.451639,Sell
INSTR202,8782.42,2211,2023-02-26 14:25:46.451639,Sell
INSTR106,1633.14,2793,2023-02-26 15:43:33.451639,Sell
INSTR125,7371.01,4409,2023-02-26 14:39:37.451639,Buy
INSTR634,8451.89,589,2023-02-26 14:19:10.451639,Sell
INSTR968,8662.76,7741,2023-02-26 17:12:53.451639,Buy
INSTR899,7142.97,6251,2023-02-26 17:34:28.451639,Sell
INSTR883,8975.55,2671,2023-02-26 13:52:41.451639,Sell
INSTR729,7657.38,5342,2023-02-26 11:01:27.451639,Buy
INSTR598,8715.14,7726,2023-02-26 10:10:56.452639,Sell
INSTR468,9594.88,4491,2023-02-26 16:19:10.452639,Buy
INSTR148,9487.86,2370,2023-02-26 11:27:22.452639,Buy
INSTR172,3856.99,5073,2023-02-26 14:54:18.452639,Sell
INSTR244,7600.79,5355,2023-02-26 09:48:09.452639,Buy
INSTR63,9224.48,3626,2023-02-26 16:31:55.452639,Sell
INSTR26,9092.86,6748,2023-02-26 14:48:11.452639,Buy
INSTR74,7951.95,4110,2023-02-26 08:57:45.452639,Sell
INSTR151,8412.73,9314,2023-02-26 12:12:38.452639,Sell
INSTR363,9751.25,7625,2023-02-26 14:36:11.452639,Buy
INSTR413,2677.05,4403,2023-02-26 11:02:17.452639,Sell
INSTR21,3173.35,1737,2023-02-26 14:16:29.452639,Sell
INSTR868,6450.56,5819,2023-02-26 11:41:43.452639,Sell
INSTR335,9636.49,4254,2023-02-26 09:22:00.452639,Buy
INSTR922,7556.05,3733,2023-02-26 11:30:30.452639,Buy
INSTR138,6126.46,358,2023-02-26 13:16:05.452639,Buy
INSTR238,8026.61,9426,2023-02-26 12:58:04.452639,Sell
INSTR541,7068.86,4086,2023-02-26 09:46:51.452639,Buy
INSTR251,9812.3,1897,2023-02-26 17:32:34.452639,Buy
INSTR733,8524.09,802,2023-02-26 14:13:46.452639,Buy
INSTR715,9613.35,6938,2023-02-26 15:18:56.452639,Buy
INSTR244,8571.04,9170,2023-02-26 17:09:36.452639,Sell
INSTR202,8956.57,7941,2023-02-26 11:28:27.452639,Sell
INSTR381,3810.34,514,2023-02-26 14:41:50.452639,Sell
INSTR918,9974.25,3870,2023-02-26 08:58:11.452639,Sell
