instrument,price,volume,expiry
INSTR0,7960.06,5390,2023-02-26 13:32:42.721789
INSTR1,1502.57,5968,2023-02-26 15:26:42.721789
INSTR2,6692.36,257,2023-02-26 13:10:42.721789
INSTR3,9623.33,6197,2023-02-27 06:03:42.721789
INSTR4,8939.86,7797,2023-02-26 09:53:42.721789
INSTR5,2677.95,88,2023-02-26 21:40:42.721789
INSTR6,5224.8,3162,2023-02-26 09:03:42.721789
INSTR7,7987.73,8335,2023-02-26 21:22:42.721789
INSTR8,9432.94,6534,2023-02-26 16:10:42.721789
INSTR9,6677.2,3563,2023-02-26 12:53:42.721789
INSTR10,4947.85,9751,2023-02-26 23:43:42.721789
INSTR11,4864.28,6553,2023-02-27 03:07:42.721789
INSTR12,6367.49,4440,2023-02-27 02:21:42.721789
INSTR13,3400.08,1272,2023-02-26 23:13:42.721789
INSTR14,1509.71,2691,2023-02-26 14:00:42.721789
INSTR15,3198.01,6608,2023-02-26 09:48:42.721789
INSTR16,9099.79,3156,2023-02-26 18:22:42.722792
INSTR17,9331.13,8272,2023-02-26 17:24:42.722792
INSTR18,316.84,7634,2023-02-26 15:56:42.722792
INSTR19,797.13,8657,2023-02-26 12:01:42.722792
INSTR20,829.38,4941,2023-02-26 15:22:42.722792
INSTR21,2781.86,3349,2023-02-26 13:55:42.722792
INSTR22,2215.79,4987,2023-02-26 15:59:42.722792
INSTR23,9037.67,3767,2023-02-26 14:02:42.722792
INSTR24,3855.31,767,2023-02-26 19:34:42.722792
INSTR25,1689.67,2123,2023-02-26 16:56:42.722792
INSTR26,8067.34,7335,2023-02-26 12:07:42.722792
INSTR27,6568.79,9657,2023-02-27 07:08:42.722792
INSTR28,2661.38,437,2023-02-26 18:14:42.722792
INSTR29,1235.21,580,2023-02-27 08:09:42.722792
INSTR30,4111.04,5349,2023-02-27 04:24:42.722792
INSTR31,4489.6,2206,2023-02-26 18:59:42.722792
INSTR32,9281.18,8008,2023-02-26 13:48:42.722792
INSTR33,1566.53,1193,2023-02-26 10:42:42.722792
INSTR34,8839.25,2669,2023-02-26 10:06:42.722792
INSTR35,7753.49,1879,2023-02-26 13:05:42.722792
INSTR36,363.01,7262,2023-02-26 19:54:42.722792
INSTR37,8922.92,2545,2023-02-27 02:13:42.722792
INSTR38,7932.01,7399,2023-02-27 00:32:42.722792
INSTR39,2455.35,981,2023-02-27 04:25:42.722792
INSTR40,7611.62,9405,2023-02-27 08:13:42.722792
INSTR41,3119.94,2811,2023-02-26 22:20:42.722792
INSTR42,4592.73,2373,2023-02-26 20:32:42.722792
INSTR43,1979.29,4144,2023-02-26 22:13:42.722792
INSTR44,8823.13,7433,2023-02-27 06:29:42.722792
INSTR45,729.06,6059,2023-02-26 11:57:42.722792
INSTR46,5981.55,1871,2023-02-26 17:10:42.722792
INSTR47,398.06,3833,2023-02-27 02:47:42.722792
INSTR48,8259.35,2743,2023-02-27 05:22:42.722792
INSTR49,7943.36,8022,2023-02-26 13:48:42.722792
INSTR50,5338.41,7322,2023-02-26 11:25:42.722792
INSTR51,3783.58,1265,2023-02-26 12:39:42.722792
INSTR52,2445.95,5783,2023-02-26 15:42:42.722792
INSTR53,7306.46,3220,2023-02-27 08:00:42.722792
INSTR54,119.37,9234,2023-02-26 23:08:42.722792
INSTR55,2488.83,987,2023-02-27 00:43:42.722792
INSTR56,7867.68,1845,2023-02-27 07:02:42.722792
INSTR57,1596.05,6014,2023-02-26 18:07:42.722792
INSTR58,8524.48,9892,2023-02-26 13:48:42.722792
INSTR59,2040.92,2959,2023-02-26 12:40:42.722792
INSTR60,3975.16,5778,2023-02-27 03:39:42.722792
INSTR61,4630.35,7752,2023-02-26 22:45:42.722792
INSTR62,3684.57,1633,2023-02-27 06:47:42.722792
INSTR63,169.13,9723,2023-02-26 14:09:42.722792
INSTR64,2781.27,4027,2023-02-27 06:49:42.722792
INSTR65,7148.34,3961,2023-02-26 15:38:42.722792
INSTR66,991.5,8432,2023-02-26 21:24:42.722792
INSTR67,6149.06,2750,2023-02-27 02:24:42.722792
INSTR68,6807.94,9935,2023-02-27 08:36:42.722792
INSTR69,9589.89,2873,2023-02-27 02:42:42.722792
INSTR70,4084.84,5001,2023-02-27 00:09:42.722792
INSTR71,1576.22,641,2023-02-27 06:43:42.722792
INSTR72,3665.39,1959,2023-02-26 12:32:42.722792
INSTR73,1759.48,5515,2023-02-27 03:36:42.722792
INSTR74,7814.84,2427,2023-02-27 05:03:42.722792
INSTR75,4126.47,8994,2023-02-27 01:31:42.722792
INSTR76,8385.57,3754,2023-02-26 15:10:42.722792
INSTR77,6925.42,7357,2023-02-27 08:13:42.722792
INSTR78,4052.75,4914,2023-02-26 11:23:42.722792
INSTR79,1767.11,5563,2023-02-26 21:17:42.722792
INSTR80,3234.02,3949,2023-02-26 14:58:42.722792
INSTR81,3666.73,2100,2023-02-27 00:33:42.722792
INSTR82,326.95,6412,2023-02-26 20:19:42.722792
INSTR83,2498.82,635,2023-02-27 02:15:42.722792
INSTR84,5546.36,5497,2023-02-26 19:58:42.722792
INSTR85,5665.37,7959,2023-02-26 17:17:42.722792
INSTR86,3010.68,4078,2023-02-27 03:43:42.722792
INSTR87,9889.08,6335,2023-02-26 21:59:42.722792
INSTR88,4458.15,4652,2023-02-26 12:52:42.722792
INSTR89,3816.67,9821,2023-02-27 07:38:42.722792
INSTR90,1140.14,2016,2023-02-26 16:15:42.722792
INSTR91,2281.88,5830,2023-02-26 11:10:42.722792
INSTR92,5165.49,8965,2023-02-27 01:26:42.722792
INSTR93,7443.1,8042,2023-02-27 04:31:42.722792
INSTR94,4969.05,2056,2023-02-26 17:40:42.722792
INSTR95,9057.95,3504,2023-02-26 19:51:42.722792
INSTR96,6601.79,5490,2023-02-26 13:07:42.722792
INSTR97,7662.74,4785,2023-02-26 10:53:42.722792
INSTR98,3402.08,8136,2023-02-26 09:34:42.722792
INSTR99,8301.97,1268,2023-02-26 21:01:42.722792
INSTR100,4923.85,6844,2023-02-26 18:49:42.722792
INSTR101,9490.01,4199,2023-02-26 15:21:42.722792
INSTR102,3603.2,3278,2023-02-27 08:23:42.722792
INSTR103,3767.53,315,2023-02-26 15:49:42.722792
INSTR104,4056.95,1686,2023-02-26 19:05:42.722792
INSTR105,7136.21,4992,2023-02-27 00:01:42.722792
INSTR106,11.46,1184,2023-02-26 23:48:42.722792
INSTR107,4664.73,7018,2023-02-26 11:06:42.722792
INSTR108,7452.6,9132,2023-02-27 00:45:42.722792
INSTR109,1301.46,5540,2023-02-27 06:08:42.722792
INSTR110,9536.43,7291,2023-02-26 09:46:42.722792
INSTR111,9832.16,3592,2023-02-26 16:51:42.722792
INSTR112,5298.86,6766,2023-02-26 09:47:42.722792
INSTR113,3450.96,2640,2023-02-27 01:00:42.722792
INSTR114,112.81,88,2023-02-26 15:01:42.722792
INSTR115,4482.77,9744,2023-02-26 12:58:42.722792
INSTR116,5280.13,5779,2023-02-26 12:02:42.722792
INSTR117,8069.04,6341,2023-02-26 11:22:42.722792
INSTR118,2717.94,2887,2023-02-26 21:34:42.722792
INSTR119,7267.43,1366,2023-02-26 12:31:42.722792
INSTR120,6618.45,8454,2023-02-27 00:34:42.722792
INSTR121,2419.87,5532,2023-02-27 01:06:42.722792
INSTR122,4127.02,187,2023-02-27 03:03:42.722792
INSTR123,6915.87,3698,2023-02-26 17:04:42.722792
INSTR124,6613.83,4322,2023-02-26 12:39:42.722792
INSTR125,6454.44,5333,2023-02-26 09:59:42.722792
INSTR126,8897.87,3901,2023-02-26 13:03:42.722792
INSTR127,2593.31,381,2023-02-27 00:00:42.722792
INSTR128,3929.52,8584,2023-02-27 00:53:42.722792
INSTR129,4318.82,4568,2023-02-27 04:58:42.722792
INSTR130,9963.83,1679,2023-02-26 10:41:42.722792
INSTR131,9986.62,3715,2023-02-26 09:16:42.722792
INSTR132,258.95,1473,2023-02-27 05:00:42.722792
INSTR133,2180.07,4202,2023-02-26 12:26:42.722792
INSTR134,4394.77,4360,2023-02-27 08:06:42.722792
INSTR135,8904.12,7360,2023-02-26 12:13:42.722792
INSTR136,6219.87,4996,2023-02-26 11:30:42.722792
INSTR137,2752.57,4437,2023-02-26 23:05:42.722792
INSTR138,3338.05,9424,2023-02-26 13:53:42.722792
INSTR139,326.37,6376,2023-02-26 22:55:42.722792
INSTR140,3187.29,433,2023-02-26 21:26:42.722792
INSTR141,8383.0,9918,2023-02-27 04:18:42.722792
INSTR142,7299.71,1943,2023-02-26 14:48:42.722792
INSTR143,4852.18,657,2023-02-26 15:35:42.722792
INSTR144,7746.78,8846,2023-02-27 04:25:42.722792
INSTR145,6993.55,6416,2023-02-26 11:06:42.722792
INSTR146,6645.1,9604,2023-02-26 13:12:42.722792
INSTR147,9319.26,3398,2023-02-26 16:05:42.722792
INSTR148,7829.24,5254,2023-02-27 01:47:42.722792
INSTR149,6557.11,443,2023-02-26 13:23:42.722792
INSTR150,444.14,8533,2023-02-26 18:12:42.722792
INSTR151,6516.56,6002,2023-02-26 22:54:42.722792
INSTR152,5856.31,1074,2023-02-27 06:13:42.722792
INSTR153,3834.37,6145,2023-02-26 12:42:42.722792
INSTR154,894.32,3913,2023-02-27 06:31:42.722792
INSTR155,7295.58,5056,2023-02-26 09:18:42.722792
INSTR156,6488.1,4314,2023-02-27 08:32:42.722792
INSTR157,2914.69,3050,2023-02-26 19:31:42.722792
INSTR158,1911.89,6690,2023-02-26 11:51:42.722792
INSTR159,4851.32,3378,2023-02-26 17:03:42.722792
INSTR160,3235.42,8773,2023-02-26 09:56:42.722792
INSTR161,4304.47,223,2023-02-27 01:56:42.722792
INSTR162,2021.76,2036,2023-02-26 23:32:42.722792
INSTR163,909.93,8235,2023-02-26 13:31:42.722792
INSTR164,6847.15,2057,2023-02-27 07:35:42.722792
INSTR165,7481.73,5159,2023-02-27 08:15:42.722792
INSTR166,1033.76,1320,2023-02-26 12:39:42.722792
INSTR167,7452.41,2331,2023-02-27 07:30:42.722792
INSTR168,9351.85,9957,2023-02-26 11:26:42.722792
INSTR169,77.9,4975,2023-02-26 19:39:42.722792
INSTR170,6117.66,5962,2023-02-26 22:26:42.722792
INSTR171,7010.64,2179,2023-02-27 05:17:42.722792
INSTR172,3729.94,6237,2023-02-26 19:11:42.722792
INSTR173,7485.38,9915,2023-02-26 11:26:42.722792
INSTR174,7331.54,7035,2023-02-26 12:40:42.722792
INSTR175,800.23,5182,2023-02-26 13:13:42.722792
INSTR176,5297.95,4055,2023-02-27 00:05:42.722792
INSTR177,5104.77,5324,2023-02-27 01:39:42.722792
INSTR178,3804.56,7400,2023-02-26 10:26:42.722792
INSTR179,1784.85,9104,2023-02-26 12:34:42.722792
INSTR180,2161.82,6947,2023-02-26 14:01:42.722792
INSTR181,5877.84,8937,2023-02-26 23:34:42.722792
INSTR182,9267.58,4115,2023-02-26 13:20:42.722792
INSTR183,9373.88,2921,2023-02-26 19:53:42.722792
INSTR184,6805.96,7679,2023-02-26 18:10:42.722792
INSTR185,8238.61,7364,2023-02-27 03:11:42.722792
INSTR186,8711.99,999,2023-02-26 15:38:42.722792
INSTR187,3832.85,9814,2023-02-26 21:04:42.722792
INSTR188,4601.67,413,2023-02-26 11:11:42.722792
INSTR189,3043.02,3160,2023-02-26 18:09:42.722792
INSTR190,4339.16,3478,2023-02-26 11:47:42.722792
INSTR191,501.7,5126,2023-02-26 18:30:42.722792
INSTR192,2026.61,6991,2023-02-27 04:07:42.724320
INSTR193,7828.93,7402,2023-02-27 08:18:42.724320
INSTR194,9750.04,7402,2023-02-26 17:47:42.724320
INSTR195,7026.34,480,2023-02-26 16:55:42.724320
INSTR196,6135.78,3557,2023-02-26 17:54:42.724320
INSTR197,9453.7,1061,2023-02-26 16:31:42.724320
INSTR198,2758.18,4503,2023-02-26 22:16:42.724320
INSTR199,6040.41,3317,2023-02-27 01:12:42.724320
INSTR200,9506.66,9098,2023-02-26 10:16:42.724409
INSTR201,859.43,6838,2023-02-26 17:20:42.724409
INSTR202,8677.38,386,2023-02-26 13:02:42.724409
INSTR203,819.17,3157,2023-02-26 16:11:42.724409
INSTR204,3188.12,6305,2023-02-26 21:51:42.724409
INSTR205,4138.56,5517,2023-02-27 08:37:42.724409
INSTR206,8234.89,1824,2023-02-26 21:20:42.724409
INSTR207,5657.78,880,2023-02-26 10:08:42.724409
INSTR208,8077.8,7223,2023-02-26 23:49:42.724409
INSTR209,3310.46,2634,2023-02-26 09:40:42.724409
INSTR210,3193.24,450,2023-02-26 23:03:42.724409
INSTR211,8581.64,3072,2023-02-26 23:02:42.724409
INSTR212,9267.81,977,2023-02-27 08:26:42.724409
INSTR213,618.67,3602,2023-02-26 20:56:42.724409
INSTR214,677.79,3106,2023-02-26 13:01:42.724409
INSTR215,6899.27,9449,2023-02-26 23:50:42.724409
INSTR216,3927.02,3995,2023-02-27 05:48:42.724409
INSTR217,8276.86,5720,2023-02-27 00:55:42.724409
INSTR218,738.6,1767,2023-02-26 18:06:42.724409
INSTR219,6750.21,3174,2023-02-26 17:59:42.724409
INSTR220,4987.2,8060,2023-02-27 02:23:42.724409
INSTR221,3485.9,1004,2023-02-26 21:18:42.724409
INSTR222,3761.39,2337,2023-02-27 02:23:42.724409
INSTR223,5470.65,5361,2023-02-26 20:37:42.724409
INSTR224,316.04,2839,2023-02-26 16:22:42.724409
INSTR225,4517.88,7260,2023-02-27 00:59:42.724409
INSTR226,2737.57,2011,2023-02-27 05:37:42.724409
INSTR227,9251.96,7602,2023-02-26 23:47:42.724409
INSTR228,8320.9,1066,2023-02-26 11:18:42.724409
INSTR229,8782.91,2361,2023-02-26 20:50:42.724409
INSTR230,2879.38,151,2023-02-27 08:09:42.724409
INSTR231,1409.39,4957,2023-02-26 18:51:42.724409
INSTR232,4928.86,8037,2023-02-27 03:22:42.724409
INSTR233,8682.4,4003,2023-02-27 01:59:42.724409
INSTR234,4098.93,8959,2023-02-26 23:07:42.724409
INSTR235,4674.57,4154,2023-02-27 03:23:42.724409
INSTR236,6146.67,4246,2023-02-26 09:23:42.724409
INSTR237,4804.17,8358,2023-02-26 20:16:42.724409
INSTR238,7877.1,1596,2023-02-27 01:28:42.724409
INSTR239,1066.38,1166,2023-02-27 02:13:42.724409
INSTR240,4250.57,1472,2023-02-27 01:49:42.724409
INSTR241,2889.39,9531,2023-02-26 23:07:42.724409
INSTR242,3039.5,5427,2023-02-27 08:27:42.724409
INSTR243,1829.34,2349,2023-02-26 18:26:42.724409
INSTR244,739.5,932,2023-02-26 18:57:42.724409
INSTR245,823.21,6662,2023-02-26 10:17:42.724409
INSTR246,3005.62,9463,2023-02-26 16:16:42.724409
INSTR247,2848.29,8080,2023-02-26 16:20:42.724409
INSTR248,4842.49,8524,2023-02-27 08:47:42.724409
INSTR249,4549.41,9642,2023-02-26 08:52:42.724409
INSTR250,3406.66,7700,2023-02-26 17:52:42.724409
INSTR251,6899.57,1738,2023-02-26 14:46:42.724409
INSTR252,1376.49,5590,2023-02-27 01:40:42.724409
INSTR253,2552.04,7374,2023-02-26 10:48:42.724409
INSTR254,2182.62,5072,2023-02-27 05:31:42.724409
INSTR255,2068.42,3383,2023-02-26 20:13:42.724409
INSTR256,1141.05,5422,2023-02-26 08:58:42.724409
INSTR257,6757.67,5113,2023-02-26 20:04:42.724409
INSTR258,5253.86,8790,2023-02-27 07:29:42.724409
INSTR259,9925.67,478,2023-02-27 04:54:42.724409
INSTR260,1223.61,2409,2023-02-26 10:35:42.724409
INSTR261,7455.5,5115,2023-02-26 14:01:42.724409
INSTR262,2749.47,8017,2023-02-27 04:19:42.724409
INSTR263,6368.52,3847,2023-02-27 05:39:42.724409
INSTR264,5309.6,7946,2023-02-26 11:55:42.724409
INSTR265,3491.93,4614,2023-02-26 22:23:42.724409
INSTR266,7472.61,7976,2023-02-26 22:24:42.724409
INSTR267,7946.0,3181,2023-02-27 06:15:42.724409
INSTR268,9558.58,9291,2023-02-26 21:14:42.724409
INSTR269,75.11,221,2023-02-26 16:49:42.724409
INSTR270,3621.66,7834,2023-02-27 03:53:42.724409
INSTR271,577.31,9383,2023-02-27 06:48:42.724409
INSTR272,611.45,9272,2023-02-26 12:26:42.724409
INSTR273,3588.1,6905,2023-02-26 21:58:42.724409
INSTR274,5655.56,7742,2023-02-26 08:51:42.724409
INSTR275,1451.52,5839,2023-02-27 08:13:42.724409
INSTR276,5599.22,9704,2023-02-26 14:43:42.724409
INSTR277,424.11,2384,2023-02-26 11:34:42.724409
INSTR278,7508.72,6037,2023-02-26 21:16:42.724409
INSTR279,5613.16,9554,2023-02-27 05:28:42.724409
INSTR280,5973.93,270,2023-02-27 02:44:42.724409
INSTR281,8192.88,4142,2023-02-26 11:44:42.724409
INSTR282,4626.73,1297,2023-02-27 08:47:42.724409
INSTR283,9389.52,3738,2023-02-27 07:38:42.724409
INSTR284,6500.02,4211,2023-02-27 00:30:42.724409
INSTR285,9740.41,3307,2023-02-27 06:23:42.724409
INSTR286,9224.62,6159,2023-02-26 11:43:42.724409
INSTR287,6251.32,2962,2023-02-26 09:32:42.724409
INSTR288,5270.11,2285,2023-02-26 13:30:42.724409
INSTR289,9512.59,943,2023-02-26 21:20:42.724409
INSTR290,4348.3,2314,2023-02-27 05:46:42.724409
INSTR291,5893.56,2765,2023-02-26 16:41:42.724409
INSTR292,8194.62,972,2023-02-27 01:29:42.724409
INSTR293,3071.92,1417,2023-02-26 17:54:42.724409
INSTR294,1066.21,5102,2023-02-26 16:45:42.725342
INSTR295,1010.43,1619,2023-02-26 17:15:42.725342
INSTR296,316.38,831,2023-02-26 16:47:42.725342
INSTR297,4588.56,9035,2023-02-26 18:26:42.725342
INSTR298,7249.77,9572,2023-02-27 03:13:42.725342
INSTR299,9260.05,9316,2023-02-26 12:44:42.725342
INSTR300,8982.0,352,2023-02-27 06:42:42.725342
INSTR301,8922.84,4621,2023-02-27 04:28:42.725342
INSTR302,4363.37,2710,2023-02-27 07:55:42.725342
INSTR303,3332.92,6094,2023-02-27 02:23:42.725342
INSTR304,2732.75,322,2023-02-26 19:36:42.725342
INSTR305,2889.02,6342,2023-02-27 03:58:42.725342
INSTR306,5645.18,1368,2023-02-26 19:58:42.725342
INSTR307,348.94,5452,2023-02-26 17:03:42.725342
INSTR308,4513.99,9585,2023-02-26 13:42:42.725342
INSTR309,4284.26,2569,2023-02-26 22:42:42.725342
INSTR310,8307.5,1261,2023-02-27 06:30:42.725342
INSTR311,3080.09,2166,2023-02-26 18:42:42.725342
INSTR312,567.75,2914,2023-02-27 07:37:42.725342
INSTR313,6369.48,1277,2023-02-27 02:00:42.725342
INSTR314,3994.07,4799,2023-02-27 07:22:42.725342
INSTR315,8707.51,1990,2023-02-26 12:08:42.725342
INSTR316,2695.69,8343,2023-02-26 12:42:42.725342
INSTR317,7087.44,8834,2023-02-26 21:09:42.725342
INSTR318,3208.54,4070,2023-02-26 19:46:42.725342
INSTR319,1403.71,6107,2023-02-26 18:31:42.725342
INSTR320,1697.05,5216,2023-02-26 22:28:42.725342
INSTR321,7147.46,6193,2023-02-26 23:57:42.725342
INSTR322,660.6,1738,2023-02-26 16:16:42.725342
INSTR323,6091.46,908,2023-02-27 04:52:42.725342
INSTR324,7232.79,1591,2023-02-26 19:15:42.725342
INSTR325,5285.25,9242,2023-02-26 16:04:42.725342
INSTR326,1085.98,8448,2023-02-26 22:14:42.725342
INSTR327,8774.92,6975,2023-02-27 04:06:42.725342
INSTR328,1509.27,6869,2023-02-26 21:31:42.725342
INSTR329,8442.4,503,2023-02-26 23:57:42.725342
INSTR330,2513.62,5188,2023-02-27 04:42:42.725342
INSTR331,9869.74,228,2023-02-27 04:43:42.725342
INSTR332,1141.93,4948,2023-02-27 08:34:42.725342
INSTR333,3145.65,9876,2023-02-27 04:02:42.725342
INSTR334,8529.41,1344,2023-02-26 13:10:42.725342
INSTR335,2440.74,8252,2023-02-27 03:10:42.725342
INSTR336,3335.7,4279,2023-02-27 06:39:42.725342
INSTR337,1894.16,1517,2023-02-27 08:34:42.725342
INSTR338,4313.79,7922,2023-02-26 18:32:42.725342
INSTR339,3574.89,7367,2023-02-26 13:32:42.725342
INSTR340,259.3,7520,2023-02-26 12:51:42.725342
INSTR341,5103.0,263,2023-02-26 20:28:42.725342
INSTR342,4450.09,7493,2023-02-26 15:05:42.725342
INSTR343,8554.48,1386,2023-02-26 18:51:42.725342
INSTR344,1877.85,9206,2023-02-26 10:21:42.725342
INSTR345,5392.36,527,2023-02-26 15:08:42.725342
INSTR346,1758.97,1026,2023-02-27 01:06:42.725342
INSTR347,252.99,8659,2023-02-27 03:50:42.725342
INSTR348,6168.79,7594,2023-02-27 06:31:42.725342
INSTR349,7963.21,1666,2023-02-26 11:39:42.725342
INSTR350,2305.86,7850,2023-02-27 05:37:42.725342
INSTR351,2845.01,7197,2023-02-27 02:44:42.725342
INSTR352,9229.45,5134,2023-02-27 02:25:42.725342
INSTR353,6047.6,7874,2023-02-26 20:44:42.725342
INSTR354,5646.45,4523,2023-02-26 19:19:42.725342
INSTR355,2454.86,9599,2023-02-27 01:15:42.725342
INSTR356,4381.21,1401,2023-02-26 14:21:42.725342
INSTR357,1597.68,7710,2023-02-26 14:47:42.725342
INSTR358,1796.12,5097,2023-02-26 10:29:42.725342
INSTR359,7503.21,6043,2023-02-26 12:48:42.725342
INSTR360,1417.74,3357,2023-02-27 08:05:42.725342
INSTR361,9438.9,3753,2023-02-26 23:45:42.725342
INSTR362,548.28,4973,2023-02-26 18:02:42.725342
INSTR363,5561.29,4363,2023-02-26 21:36:42.725342
INSTR364,3409.82,6129,2023-02-27 01:55:42.725342
INSTR365,8979.99,6740,2023-02-27 05:34:42.725342
INSTR366,9199.78,481,2023-02-27 00:19:42.725342
INSTR367,6099.28,4744,2023-02-27 05:40:42.725342
INSTR368,4997.09,6682,2023-02-26 21:08:42.725342
INSTR369,4651.01,2599,2023-02-27 07:40:42.725342
INSTR370,5381.79,1903,2023-02-26 14:01:42.725342
INSTR371,8777.14,5634,2023-02-27 05:16:42.725342
INSTR372,3607.62,2126,2023-02-26 11:12:42.725342
INSTR373,7114.86,267,2023-02-26 20:43:42.725342
INSTR374,8557.41,5217,2023-02-26 19:57:42.725342
INSTR375,2070.47,7296,2023-02-26 20:11:42.725342
INSTR376,7363.99,5018,2023-02-26 10:56:42.725342
INSTR377,7982.54,6184,2023-02-26 15:41:42.725342
INSTR378,7245.21,6006,2023-02-26 13:05:42.725342
INSTR379,4819.8,7450,2023-02-26 10:55:42.725342
INSTR380,5101.34,957,2023-02-27 08:15:42.726343
INSTR381,2691.94,191,2023-02-26 16:35:42.726343
INSTR382,3838.05,1309,2023-02-27 06:10:42.726343
INSTR383,9069.06,7449,2023-02-26 21:31:42.726343
INSTR384,4090.27,3099,2023-02-26 11:14:42.726343
INSTR385,8920.37,196,2023-02-27 07:31:42.726343
INSTR386,5870.9,6194,2023-02-26 21:25:42.726343
INSTR387,6128.11,817,2023-02-27 01:00:42.726343
INSTR388,6354.84,4616,2023-02-27 05:47:42.726343
INSTR389,1637.98,4153,2023-02-27 00:53:42.726343
INSTR390,2056.19,3634,2023-02-27 01:17:42.726343
INSTR391,2914.2,7615,2023-02-27 02:00:42.726343
INSTR392,3550.98,1299,2023-02-26 22:47:42.726343
INSTR393,6373.32,3278,2023-02-27 01:32:42.726343
INSTR394,21.24,5509,2023-02-26 13:20:42.726343
INSTR395,8134.89,9695,2023-02-27 04:46:42.726343
INSTR396,8767.27,2074,2023-02-27 03:05:42.726343
INSTR397,8372.73,7778,2023-02-26 23:46:42.726343
INSTR398,8360.58,2870,2023-02-26 19:56:42.726343
INSTR399,618.28,2293,2023-02-27 06:14:42.726343
INSTR400,4458.86,2081,2023-02-27 07:30:42.726343
INSTR401,5792.22,8618,2023-02-26 20:55:42.726343
INSTR402,65.62,6848,2023-02-26 10:37:42.726343
INSTR403,1721.56,1079,2023-02-26 22:23:42.726343
INSTR404,9125.32,9102,2023-02-27 04:48:42.726343
INSTR405,6238.92,6337,2023-02-26 23:11:42.726343
INSTR406,6557.8,309,2023-02-27 04:26:42.726343
INSTR407,2389.35,1025,2023-02-26 21:21:42.726343
INSTR408,3993.2,7051,2023-02-27 05:16:42.726343
INSTR409,615.47,5145,2023-02-26 16:53:42.726343
INSTR410,2291.37,5609,2023-02-27 07:41:42.726343
INSTR411,1349.66,4713,2023-02-26 20:53:42.726343
INSTR412,181.54,1654,2023-02-27 05:42:42.726343
INSTR413,2419.95,4446,2023-02-27 07:26:42.726343
INSTR414,6643.04,865,2023-02-27 01:57:42.726343
INSTR415,1599.93,4451,2023-02-26 18:16:42.726343
INSTR416,1493.19,7498,2023-02-27 02:00:42.726343
INSTR417,5747.02,1770,2023-02-26 11:32:42.726343
INSTR418,1724.64,2403,2023-02-26 20:35:42.726343
INSTR419,6246.34,886,2023-02-26 09:07:42.726343
INSTR420,9168.82,3614,2023-02-27 08:33:42.726343
INSTR421,5408.04,3142,2023-02-26 15:00:42.726343
INSTR422,2104.4,7521,2023-02-27 03:52:42.726343
INSTR423,4588.03,5393,2023-02-26 17:40:42.726343
INSTR424,4505.98,5748,2023-02-26 19:14:42.726343
INSTR425,2488.74,2672,2023-02-26 15:24:42.726343
INSTR426,5812.33,8962,2023-02-26 14:03:42.726343
INSTR427,6923.25,6606,2023-02-27 01:04:42.726343
INSTR428,2703.79,4974,2023-02-26 15:10:42.726343
INSTR429,4858.56,1271,2023-02-26 11:31:42.726343
INSTR430,3632.71,4433,2023-02-26 10:59:42.726343
INSTR431,5775.45,1513,2023-02-26 16:13:42.726343
INSTR432,3646.8,9846,2023-02-27 00:34:42.726343
INSTR433,7946.47,4653,2023-02-27 08:33:42.726343
INSTR434,1130.53,6511,2023-02-26 20:53:42.726343
INSTR435,461.92,1718,2023-02-26 13:53:42.726343
INSTR436,8485.99,4044,2023-02-27 07:23:42.726343
INSTR437,7969.48,6803,2023-02-26 22:40:42.726343
INSTR438,9075.12,3817,2023-02-27 05:17:42.726343
INSTR439,8670.04,8618,2023-02-27 06:05:42.726343
INSTR440,2770.76,2674,2023-02-27 08:21:42.726343
INSTR441,217.03,7797,2023-02-26 18:49:42.726343
INSTR442,9664.56,3319,2023-02-27 01:24:42.726343
INSTR443,5705.54,9667,2023-02-27 05:33:42.726343
INSTR444,4242.56,3078,2023-02-26 15:34:42.726343
INSTR445,2508.91,7480,2023-02-27 05:29:42.726343
INSTR446,704.25,426,2023-02-26 20:33:42.726343
INSTR447,349.04,9886,2023-02-27 01:33:42.726343
INSTR448,15.37,6,2023-02-26 19:32:42.726343
INSTR449,2695.44,265,2023-02-26 13:20:42.726343
INSTR450,2546.82,5084,2023-02-27 05:28:42.726343
INSTR451,3764.72,9651,2023-02-26 23:21:42.726343
INSTR452,7938.33,4194,2023-02-27 05:27:42.726343
INSTR453,119.54,3638,2023-02-27 07:51:42.726343
INSTR454,819.27,9154,2023-02-26 11:03:42.726343
INSTR455,9281.04,5491,2023-02-26 23:12:42.726343
INSTR456,8199.87,564,2023-02-26 11:53:42.726343
INSTR457,1364.48,366,2023-02-26 09:05:42.726343
INSTR458,5056.29,4306,2023-02-26 10:49:42.726343
INSTR459,8305.11,8127,2023-02-26 22:01:42.726343
INSTR460,4394.13,5121,2023-02-27 06:16:42.726343
INSTR461,6079.78,8936,2023-02-26 19:14:42.726343
INSTR462,5652.0,9710,2023-02-26 13:41:42.726343
INSTR463,2030.49,2955,2023-02-26 13:00:42.726343
INSTR464,5464.07,6769,2023-02-26 16:09:42.726343
INSTR465,4770.25,7580,2023-02-26 14:15:42.727341
INSTR466,5695.97,7646,2023-02-26 13:38:42.727341
INSTR467,3948.01,9340,2023-02-26 18:27:42.727341
INSTR468,7768.25,904,2023-02-27 06:46:42.727341
INSTR469,2447.9,6303,2023-02-27 02:21:42.727341
INSTR470,9886.93,73,2023-02-27 05:16:42.727341
INSTR471,8433.15,436,2023-02-27 00:16:42.727341
INSTR472,9269.4,42,2023-02-27 07:49:42.727341
INSTR473,9036.96,4688,2023-02-26 10:27:42.727341
INSTR474,220.02,7126,2023-02-27 08:23:42.727341
INSTR475,8902.21,1743,2023-02-26 14:50:42.727341
INSTR476,4611.26,1581,2023-02-26 09:14:42.727341
INSTR477,5907.08,7331,2023-02-26 14:03:42.727341
INSTR478,5052.1,118,2023-02-27 06:08:42.727341
INSTR479,66.76,8649,2023-02-26 20:25:42.727341
INSTR480,8331.56,159,2023-02-27 01:47:42.727341
INSTR481,4577.32,44,2023-02-26 17:41:42.727341
INSTR482,8434.06,637,2023-02-26 13:31:42.727341
INSTR483,806.22,9660,2023-02-26 11:00:42.727341
INSTR484,9369.5,3591,2023-02-27 01:24:42.727341
INSTR485,4463.33,1869,2023-02-27 02:30:42.727341
INSTR486,8809.44,7145,2023-02-26 16:27:42.727341
INSTR487,1680.59,7629,2023-02-27 07:28:42.727341
INSTR488,3576.81,3538,2023-02-26 13:36:42.727341
INSTR489,1060.53,3328,2023-02-26 18:54:42.727341
INSTR490,8559.31,1791,2023-02-26 18:58:42.727341
INSTR491,8518.85,6172,2023-02-26 20:11:42.727341
INSTR492,4054.8,9278,2023-02-26 16:32:42.727341
INSTR493,615.92,2202,2023-02-27 04:55:42.727341
INSTR494,5633.79,8924,2023-02-26 19:03:42.727341
INSTR495,2320.51,8518,2023-02-27 03:28:42.727341
INSTR496,7252.38,2282,2023-02-26 12:52:42.727341
INSTR497,1335.77,690,2023-02-26 14:12:42.727341
INSTR498,1390.73,1977,2023-02-27 06:04:42.727341
INSTR499,1430.73,1563,2023-02-26 15:21:42.727341
INSTR500,7359.9,4539,2023-02-26 16:02:42.727341
INSTR501,3074.8,2450,2023-02-27 05:58:42.727341
INSTR502,7563.82,7188,2023-02-26 11:15:42.727341
INSTR503,2306.35,8964,2023-02-26 14:17:42.727341
INSTR504,2425.27,1284,2023-02-26 14:24:42.727341
INSTR505,8249.87,8691,2023-02-26 21:29:42.727341
INSTR506,7845.05,3876,2023-02-27 00:25:42.727341
INSTR507,8297.4,4412,2023-02-26 12:29:42.727341
INSTR508,2089.86,1382,2023-02-27 06:19:42.727341
INSTR509,9932.78,7234,2023-02-26 23:39:42.727341
INSTR510,2446.95,4404,2023-02-26 09:21:42.727341
INSTR511,8958.35,4176,2023-02-26 11:30:42.727341
INSTR512,8186.15,3701,2023-02-26 23:37:42.727341
INSTR513,9788.28,366,2023-02-26 21:54:42.727341
INSTR514,9427.06,3773,2023-02-27 04:01:42.727341
INSTR515,2854.2,5994,2023-02-26 14:58:42.727341
INSTR516,7081.91,7561,2023-02-27 02:59:42.727341
INSTR517,2170.53,1720,2023-02-27 06:56:42.727341
INSTR518,5107.11,2166,2023-02-27 02:07:42.727341
INSTR519,8929.78,1781,2023-02-26 11:16:42.727341
INSTR520,1291.8,8031,2023-02-26 23:48:42.727341
INSTR521,9484.2,4012,2023-02-26 14:42:42.727341
INSTR522,3257.93,9644,2023-02-27 01:12:42.727341
INSTR523,6664.29,2661,2023-02-27 02:57:42.727341
INSTR524,9649.06,1883,2023-02-26 11:10:42.727341
INSTR525,4926.2,8297,2023-02-26 08:57:42.727341
INSTR526,551.8,4032,2023-02-26 11:55:42.727341
INSTR527,945.02,4375,2023-02-26 17:15:42.727341
INSTR528,3336.43,960,2023-02-27 07:53:42.727341
INSTR529,2058.25,7419,2023-02-27 02:19:42.727341
INSTR530,583.05,1434,2023-02-26 12:31:42.727341
INSTR531,4773.37,4501,2023-02-26 21:13:42.727341
INSTR532,2612.54,4121,2023-02-26 23:39:42.727341
INSTR533,4355.31,8217,2023-02-26 09:42:42.727341
INSTR534,4343.45,3408,2023-02-27 00:41:42.727341
INSTR535,3904.7,9131,2023-02-27 02:50:42.727341
INSTR536,7326.0,2908,2023-02-26 09:29:42.727341
INSTR537,8109.03,2547,2023-02-26 11:22:42.727341
INSTR538,342.88,9511,2023-02-26 18:42:42.727341
INSTR539,4016.12,8856,2023-02-26 23:27:42.727341
INSTR540,4843.21,9758,2023-02-27 06:30:42.727341
INSTR541,3102.87,8534,2023-02-26 20:03:42.727341
INSTR542,8373.7,4111,2023-02-26 10:07:42.727341
INSTR543,3836.48,4575,2023-02-26 17:04:42.727341
INSTR544,2619.74,1306,2023-02-26 23:41:42.727341
INSTR545,8269.48,4929,2023-02-26 13:47:42.727341
INSTR546,5235.7,6552,2023-02-26 10:09:42.727341
INSTR547,4007.64,8261,2023-02-26 16:30:42.727341
INSTR548,5725.62,8828,2023-02-26 21:18:42.727341
INSTR549,9292.86,5924,2023-02-27 01:27:42.727341
INSTR550,5488.77,9991,2023-02-27 07:12:42.727341
INSTR551,5146.46,3226,2023-02-26 14:46:42.727341
INSTR552,7282.71,2069,2023-02-26 20:04:42.727341
INSTR553,7810.18,4999,2023-02-26 15:01:42.727341
INSTR554,5128.32,7350,2023-02-27 06:01:42.727341
INSTR555,7588.82,5715,2023-02-26 10:21:42.727341
INSTR556,14.79,3341,2023-02-27 06:37:42.727341
INSTR557,2685.05,4720,2023-02-26 18:00:42.727341
INSTR558,1016.22,3296,2023-02-26 20:00:42.727341
INSTR559,611.67,1897,2023-02-27 05:45:42.727341
INSTR560,1421.93,2895,2023-02-26 20:16:42.727341
INSTR561,5655.65,8653,2023-02-26 21:16:42.727341
INSTR562,2622.65,4100,2023-02-26 08:55:42.728338
INSTR563,4673.78,6917,2023-02-27 04:16:42.728338
INSTR564,3657.12,7937,2023-02-27 04:27:42.728338
INSTR565,4491.17,4152,2023-02-27 03:51:42.728338
INSTR566,7619.39,430,2023-02-26 18:54:42.728338
INSTR567,1273.79,2185,2023-02-26 15:11:42.728338
INSTR568,4972.14,1028,2023-02-27 08:10:42.728338
INSTR569,9846.68,8761,2023-02-26 10:55:42.728338
INSTR570,341.31,1050,2023-02-27 05:43:42.728338
INSTR571,3714.32,8779,2023-02-27 07:42:42.728338
INSTR572,3648.84,9463,2023-02-26 15:26:42.728338
INSTR573,2779.93,8556,2023-02-26 20:07:42.728338
INSTR574,8535.22,5244,2023-02-27 04:19:42.728338
INSTR575,7361.5,1793,2023-02-26 09:28:42.728338
INSTR576,8406.63,8488,2023-02-27 01:01:42.728338
INSTR577,325.48,4515,2023-02-27 01:24:42.728338
INSTR578,4128.43,7372,2023-02-26 13:18:42.728338
INSTR579,9887.2,5882,2023-02-26 23:49:42.728338
INSTR580,2946.54,8870,2023-02-27 04:49:42.728338
INSTR581,5318.24,7796,2023-02-27 05:02:42.728338
INSTR582,6462.51,9112,2023-02-27 01:46:42.728338
INSTR583,925.23,9021,2023-02-27 01:01:42.728338
INSTR584,9278.68,7568,2023-02-27 05:14:42.728338
INSTR585,2492.6,3712,2023-02-26 10:59:42.728338
INSTR586,7877.11,3535,2023-02-26 18:44:42.728338
INSTR587,5171.09,7477,2023-02-26 11:40:42.728338
INSTR588,5061.95,1891,2023-02-26 14:17:42.728338
INSTR589,9640.1,9949,2023-02-26 19:34:42.728338
INSTR590,7508.37,2018,2023-02-27 05:16:42.728338
INSTR591,9837.15,9818,2023-02-27 04:18:42.728338
INSTR592,9237.43,5399,2023-02-26 23:34:42.728338
INSTR593,193.24,317,2023-02-26 13:38:42.728338
INSTR594,115.1,7544,2023-02-26 19:50:42.728338
INSTR595,4250.36,5324,2023-02-27 06:54:42.728338
INSTR596,1745.33,7656,2023-02-26 14:23:42.728338
INSTR597,1575.99,5361,2023-02-26 16:12:42.728338
INSTR598,8704.38,7089,2023-02-26 16:19:42.728338
INSTR599,9578.8,1350,2023-02-27 05:03:42.728338
INSTR600,8102.46,3075,2023-02-26 22:06:42.728338
INSTR601,51.32,8811,2023-02-27 01:15:42.728338
INSTR602,369.9,3733,2023-02-26 10:06:42.728338
INSTR603,3463.17,5829,2023-02-27 07:49:42.728338
INSTR604,8899.27,5282,2023-02-27 04:20:42.728338
INSTR605,67.43,4768,2023-02-27 03:17:42.728338
INSTR606,6434.71,7051,2023-02-26 09:52:42.728338
INSTR607,1429.75,4699,2023-02-26 11:48:42.728338
INSTR608,1542.12,5331,2023-02-27 04:09:42.728338
INSTR609,5797.34,3731,2023-02-26 14:50:42.728338
INSTR610,7330.6,1891,2023-02-27 01:29:42.728338
INSTR611,4914.85,7844,2023-02-27 03:24:42.728338
INSTR612,398.01,2095,2023-02-27 08:17:42.728338
INSTR613,3807.75,5305,2023-02-26 21:01:42.728338
INSTR614,8695.64,6861,2023-02-27 04:17:42.728338
INSTR615,335.38,4738,2023-02-26 13:03:42.728338
INSTR616,7654.94,1818,2023-02-27 00:27:42.728338
INSTR617,5770.26,7223,2023-02-26 12:13:42.728338
INSTR618,1436.25,2622,2023-02-27 01:31:42.728338
INSTR619,4826.48,7483,2023-02-26 21:49:42.728338
INSTR620,6846.94,4891,2023-02-27 01:28:42.728338
INSTR621,7485.79,4416,2023-02-26 13:57:42.728338
INSTR622,5088.96,1256,2023-02-27 01:29:42.728338
INSTR623,5828.91,2946,2023-02-26 15:50:42.728338
INSTR624,4926.87,5734,2023-02-26 13:17:42.728338
INSTR625,297.35,8818,2023-02-27 07:19:42.728338
INSTR626,3956.53,7553,2023-02-26 14:18:42.728338
INSTR627,499.93,1214,2023-02-26 15:17:42.728338
INSTR628,1234.45,8253,2023-02-27 02:26:42.728338
INSTR629,7580.1,4591,2023-02-27 03:31:42.728338
INSTR630,2537.74,1734,2023-02-26 18:08:42.728338
INSTR631,7595.98,3758,2023-02-26 10:05:42.728338
INSTR632,8221.59,9506,2023-02-27 07:53:42.728338
INSTR633,5942.69,2325,2023-02-26 17:14:42.728338
INSTR634,8205.4,5104,2023-02-27 07:47:42.728338
INSTR635,7521.15,2115,2023-02-27 00:25:42.728338
INSTR636,942.69,9617,2023-02-26 14:47:42.728338
INSTR637,2366.81,1094,2023-02-26 20:47:42.728338
INSTR638,2042.45,3788,2023-02-26 12:19:42.728338
INSTR639,9538.32,6415,2023-02-26 13:24:42.728338
INSTR640,9492.32,3806,2023-02-26 14:51:42.728338
INSTR641,6182.53,2898,2023-02-26 17:10:42.728338
INSTR642,1503.85,6063,2023-02-27 07:27:42.728338
INSTR643,7495.92,7987,2023-02-27 03:06:42.728338
INSTR644,9263.11,9801,2023-02-26 14:49:42.728338
INSTR645,1921.05,4159,2023-02-27 02:02:42.728338
INSTR646,7150.74,6029,2023-02-26 13:23:42.728338
INSTR647,1971.28,755,2023-02-26 09:13:42.728338
INSTR648,2058.73,9009,2023-02-26 16:48:42.728338
INSTR649,825.97,2443,2023-02-27 01:50:42.728338
INSTR650,4697.14,5555,2023-02-26 21:23:42.728338
INSTR651,9697.54,8486,2023-02-26 16:36:42.728338
INSTR652,7956.88,8690,2023-02-26 20:56:42.728338
INSTR653,5533.69,6071,2023-02-27 07:14:42.728338
INSTR654,5000.98,5282,2023-02-26 20:07:42.728338
INSTR655,9125.98,9444,2023-02-26 09:53:42.728338
INSTR656,6154.77,3878,2023-02-27 02:44:42.728338
INSTR657,5737.41,5230,2023-02-26 22:54:42.728338
INSTR658,6182.57,7864,2023-02-27 07:32:42.728338
INSTR659,661.9,7176,2023-02-26 09:43:42.728338
INSTR660,3889.01,3014,2023-02-27 08:43:42.728338
INSTR661,7050.65,3424,2023-02-26 14:28:42.728338
INSTR662,7058.28,507,2023-02-26 13:12:42.728338
INSTR663,3854.51,3685,2023-02-26 10:11:42.728338
INSTR664,1656.19,6913,2023-02-27 03:15:42.728338
INSTR665,145.13,1801,2023-02-27 04:10:42.728338
INSTR666,638.18,9706,2023-02-26 15:59:42.728338
INSTR667,6883.64,3710,2023-02-26 11:07:42.728338
INSTR668,6978.36,1761,2023-02-26 14:08:42.728338
INSTR669,5850.97,9081,2023-02-26 22:58:42.728338
INSTR670,991.49,3033,2023-02-26 18:50:42.728338
INSTR671,2052.44,3265,2023-02-26 19:32:42.728338
INSTR672,1633.49,27,2023-02-26 21:34:42.728338
INSTR673,2571.35,2540,2023-02-26 12:44:42.728338
INSTR674,792.93,3147,2023-02-27 06:31:42.728338
INSTR675,415.58,4596,2023-02-26 13:01:42.728338
INSTR676,9969.49,2051,2023-02-26 15:48:42.728338
INSTR677,6811.6,4805,2023-02-26 13:35:42.728338
INSTR678,7808.93,702,2023-02-27 03:31:42.728338
INSTR679,9797.51,2340,2023-02-26 14:21:42.728338
INSTR680,4273.79,8904,2023-02-26 20:22:42.728338
INSTR681,5358.1,1920,2023-02-26 16:08:42.728338
INSTR682,9868.52,1765,2023-02-27 00:30:42.728338
INSTR683,5083.4,4993,2023-02-26 11:56:42.728338
INSTR684,8353.94,912,2023-02-27 02:48:42.728338
INSTR685,1850.73,3040,2023-02-26 14:57:42.728338
INSTR686,9423.29,7660,2023-02-27 02:53:42.728338
INSTR687,161.59,3251,2023-02-26 22:27:42.728338
INSTR688,5206.06,8597,2023-02-26 10:18:42.728338
INSTR689,5615.59,6236,2023-02-27 03:05:42.728338
INSTR690,6006.91,4526,2023-02-27 04:12:42.728338
INSTR691,199.29,8906,2023-02-26 16:55:42.728338
INSTR692,4245.38,2337,2023-02-27 03:26:42.728338
INSTR693,145.59,6698,2023-02-27 08:02:42.728338
INSTR694,1430.3,3201,2023-02-27 00:18:42.728338
INSTR695,8518.14,5340,2023-02-27 07:13:42.728338
INSTR696,8510.22,4889,2023-02-27 01:32:42.728338
INSTR697,6496.21,4308,2023-02-26 23:17:42.728338
INSTR698,344.29,2177,2023-02-26 17:15:42.728338
INSTR699,2345.39,9191,2023-02-27 03:44:42.728338
INSTR700,5550.22,7933,2023-02-27 03:13:42.728338
INSTR701,7750.58,6675,2023-02-26 19:29:42.728338
INSTR702,8518.17,8261,2023-02-26 10:14:42.728338
INSTR703,50.56,498,2023-02-27 01:55:42.728338
INSTR704,8541.01,3341,2023-02-26 21:04:42.728338
INSTR705,2888.74,1836,2023-02-26 14:13:42.728338
INSTR706,9882.93,3771,2023-02-26 13:19:42.728338
INSTR707,2517.28,3746,2023-02-26 22:21:42.728338
INSTR708,2067.04,3361,2023-02-26 08:56:42.728338
INSTR709,7690.76,5571,2023-02-27 03:17:42.728338
INSTR710,1757.77,3327,2023-02-26 14:28:42.728338
INSTR711,2802.69,6916,2023-02-26 17:37:42.728338
INSTR712,2426.91,5285,2023-02-27 02:08:42.728338
INSTR713,4138.8,9947,2023-02-26 18:18:42.728338
INSTR714,5376.04,5777,2023-02-27 05:29:42.728338
INSTR715,6356.42,1871,2023-02-27 04:57:42.728338
INSTR716,4936.94,8920,2023-02-26 18:39:42.728338
INSTR717,8638.62,1839,2023-02-26 23:27:42.728338
INSTR718,4293.59,5681,2023-02-26 23:56:42.728338
INSTR719,2602.7,9983,2023-02-26 22:01:42.728338
INSTR720,6901.04,1053,2023-02-26 22:51:42.728338
INSTR721,9111.6,4876,2023-02-27 06:05:42.728338
INSTR722,6391.42,5688,2023-02-26 23:45:42.728338
INSTR723,3729.55,6602,2023-02-26 15:16:42.728338
INSTR724,9233.75,2269,2023-02-26 21:43:42.728338
INSTR725,8677.33,1872,2023-02-27 02:11:42.728338
INSTR726,5556.84,1148,2023-02-26 17:45:42.728338
INSTR727,8765.74,3162,2023-02-26 13:41:42.728338
INSTR728,9899.88,6759,2023-02-26 14:03:42.728338
INSTR729,1549.64,4600,2023-02-26 10:47:42.728338
INSTR730,3157.29,677,2023-02-26 18:16:42.728338
INSTR731,958.42,9700,2023-02-26 17:11:42.728338
INSTR732,6954.01,2717,2023-02-26 17:18:42.728338
INSTR733,7980.03,8462,2023-02-27 06:14:42.728338
INSTR734,5805.6,6048,2023-02-27 05:05:42.728338
INSTR735,3827.37,3242,2023-02-27 00:22:42.729931
INSTR736,1888.58,3849,2023-02-27 03:02:42.729931
INSTR737,4775.88,336,2023-02-26 15:57:42.729931
INSTR738,8354.72,1831,2023-02-27 00:44:42.729931
INSTR739,3113.75,66,2023-02-26 17:28:42.729931
INSTR740,2959.66,8851,2023-02-26 09:31:42.729931
INSTR741,7390.34,4784,2023-02-26 16:12:42.729931
INSTR742,3104.64,384,2023-02-26 23:15:42.729931
INSTR743,6488.13,6909,2023-02-27 00:09:42.729931
INSTR744,4593.47,4706,2023-02-27 00:11:42.729931
INSTR745,6490.64,8332,2023-02-26 17:11:42.729931
INSTR746,1176.24,1329,2023-02-26 17:28:42.729931
INSTR747,4957.04,6126,2023-02-27 07:45:42.729931
INSTR748,7267.06,3361,2023-02-26 08:59:42.729931
INSTR749,4007.66,4432,2023-02-27 06:53:42.730009
INSTR750,6214.72,9396,2023-02-26 09:41:42.730009
INSTR751,1482.79,4505,2023-02-27 01:38:42.730009
INSTR752,505.64,6566,2023-02-26 22:15:42.730009
INSTR753,8000.01,8583,2023-02-26 10:24:42.730009
INSTR754,3518.96,9090,2023-02-26 10:16:42.730009
INSTR755,4301.25,828,2023-02-26 13:51:42.730009
INSTR756,4540.67,1363,2023-02-26 17:40:42.730009
INSTR757,4287.42,8098,2023-02-27 01:09:42.730009
INSTR758,6407.79,6956,2023-02-26 15:45:42.730009
INSTR759,3704.15,1471,2023-02-26 08:54:42.730009
INSTR760,2663.63,6687,2023-02-27 00:20:42.730009
INSTR761,7466.69,2378,2023-02-26 19:14:42.730009
INSTR762,2379.21,1657,2023-02-26 20:36:42.730009
INSTR763,4791.63,2675,2023-02-26 19:44:42.730009
INSTR764,9615.97,4258,2023-02-26 10:33:42.730009
INSTR765,5163.66,9321,2023-02-26 23:45:42.730009
INSTR766,4003.0,5675,2023-02-26 19:51:42.730009
INSTR767,8170.71,1134,2023-02-27 02:53:42.730009
INSTR768,2280.55,741,2023-02-27 07:47:42.730009
INSTR769,7241.2,9455,2023-02-27 06:11:42.730009
INSTR770,1397.4,7017,2023-02-27 00:13:42.730009
INSTR771,7231.68,2926,2023-02-26 23:56:42.730009
INSTR772,3215.76,3302,2023-02-27 00:12:42.730009
INSTR773,807.48,2536,2023-02-26 16:42:42.730009
INSTR774,8970.25,9380,2023-02-26 15:46:42.730009
INSTR775,7905.88,9065,2023-02-27 07:28:42.730009
INSTR776,4364.61,1433,2023-02-27 01:43:42.730009
INSTR777,4394.97,5664,2023-02-27 02:24:42.730009
INSTR778,8218.2,5910,2023-02-26 19:42:42.730009
INSTR779,4155.23,2018,2023-02-27 06:51:42.730009
INSTR780,8243.52,7010,2023-02-27 01:54:42.730009
INSTR781,8791.89,8791,2023-02-27 00:49:42.730009
INSTR782,8203.22,2975,2023-02-27 04:48:42.730009
INSTR783,5592.66,5720,2023-02-26 22:49:42.730009
INSTR784,5966.33,6417,2023-02-26 11:11:42.730009
INSTR785,4971.47,6576,2023-02-27 02:09:42.730009
INSTR786,1929.36,1016,2023-02-26 11:25:42.730009
INSTR787,2443.1,9884,2023-02-27 03:37:42.730009
INSTR788,6961.58,4163,2023-02-26 10:52:42.730009
INSTR789,1778.78,6160,2023-02-26 09:31:42.730009
INSTR790,2204.06,6887,2023-02-27 05:45:42.730009
INSTR791,6700.4,6319,2023-02-27 03:48:42.730009
INSTR792,6125.48,6842,2023-02-27 03:33:42.730009
INSTR793,7444.23,3606,2023-02-26 12:46:42.730009
INSTR794,8641.21,2141,2023-02-27 04:43:42.730009
INSTR795,9510.49,4541,2023-02-27 07:25:42.730009
INSTR796,9103.63,9908,2023-02-27 07:47:42.730009
INSTR797,7925.62,6277,2023-02-26 16:55:42.730009
INSTR798,8500.54,3927,2023-02-27 03:09:42.730009
INSTR799,9273.38,3695,2023-02-27 06:37:42.730009
INSTR800,6559.71,1601,2023-02-26 10:38:42.730009
INSTR801,8502.58,9969,2023-02-26 21:21:42.730009
INSTR802,2833.99,9012,2023-02-26 19:18:42.730009
INSTR803,5245.11,9635,2023-02-26 14:09:42.730009
INSTR804,3333.56,5910,2023-02-26 15:54:42.730009
INSTR805,3873.19,5751,2023-02-26 16:44:42.730009
INSTR806,5102.71,6594,2023-02-26 21:44:42.730009
INSTR807,1417.23,588,2023-02-27 06:33:42.730009
INSTR808,5323.81,5298,2023-02-26 21:52:42.730009
INSTR809,4035.73,1963,2023-02-26 09:02:42.730009
INSTR810,1314.13,9697,2023-02-27 03:12:42.730009
INSTR811,7115.49,4635,2023-02-26 14:33:42.730009
INSTR812,1353.26,9391,2023-02-26 22:24:42.730009
INSTR813,610.14,2935,2023-02-27 03:40:42.730009
INSTR814,7224.01,2473,2023-02-26 14:17:42.730009
INSTR815,45.23,7560,2023-02-26 21:50:42.730009
INSTR816,9523.64,6159,2023-02-26 16:36:42.730009
INSTR817,2484.91,456,2023-02-26 15:21:42.730009
INSTR818,6191.83,6059,2023-02-27 04:16:42.730009
INSTR819,3203.83,6188,2023-02-26 15:20:42.730009
INSTR820,1824.38,9122,2023-02-26 16:56:42.730009
INSTR821,385.72,6154,2023-02-27 05:37:42.730009
INSTR822,7365.61,4847,2023-02-26 15:34:42.730009
INSTR823,4701.68,4111,2023-02-26 12:03:42.730009
INSTR824,5852.43,7360,2023-02-26 23:22:42.730009
INSTR825,1165.9,1175,2023-02-26 14:44:42.730009
INSTR826,850.0,1843,2023-02-26 20:52:42.730009
INSTR827,3.82,2461,2023-02-26 11:45:42.730009
INSTR828,4768.23,7613,2023-02-26 23:36:42.730009
INSTR829,8931.28,1305,2023-02-26 16:12:42.730009
INSTR830,8566.04,4691,2023-02-26 11:48:42.730009
INSTR831,9240.36,8200,2023-02-26 10:15:42.730009
INSTR832,954.92,7291,2023-02-27 01:04:42.730009
INSTR833,8566.45,1574,2023-02-26 09:38:42.730009
INSTR834,9569.99,4270,2023-02-26 14:21:42.730009
INSTR835,9503.47,3016,2023-02-26 10:40:42.730009
INSTR836,8131.43,2367,2023-02-26 13:27:42.730009
INSTR837,3286.78,3214,2023-02-26 10:49:42.730009
INSTR838,4251.09,5121,2023-02-26 10:48:42.730009
INSTR839,7149.97,2762,2023-02-26 19:35:42.730009
INSTR840,989.35,757,2023-02-26 23:31:42.730009
INSTR841,9339.29,9481,2023-02-26 21:47:42.730009
INSTR842,6181.1,2339,2023-02-26 18:33:42.730009
INSTR843,5359.58,2699,2023-02-26 14:02:42.730009
INSTR844,3896.44,9466,2023-02-27 04:10:42.730009
INSTR845,3130.96,5741,2023-02-26 14:56:42.730009
INSTR846,4038.6,136,2023-02-26 10:48:42.730009
INSTR847,1308.67,167,2023-02-26 14:54:42.730009
INSTR848,9682.85,2107,2023-02-27 00:07:42.730009
INSTR849,5914.77,9412,2023-02-26 22:12:42.730009
INSTR850,8223.76,3540,2023-02-26 16:34:42.730009
INSTR851,7136.05,2550,2023-02-26 16:34:42.730009
INSTR852,7260.23,7540,2023-02-26 15:57:42.730009
INSTR853,3589.19,4233,2023-02-26 09:52:42.730009
INSTR854,8724.01,3570,2023-02-26 09:22:42.730009
INSTR855,4787.48,4900,2023-02-26 15:35:42.730009
INSTR856,9236.32,3156,2023-02-27 04:07:42.730009
INSTR857,1389.53,4309,2023-02-26 21:40:42.730009
INSTR858,3361.89,5233,2023-02-26 17:06:42.730009
INSTR859,7093.34,7005,2023-02-26 21:44:42.730009
INSTR860,5337.86,1874,2023-02-27 01:27:42.730009
INSTR861,9094.45,9521,2023-02-26 13:10:42.730009
INSTR862,4493.83,4962,2023-02-26 13:18:42.730009
INSTR863,2496.93,9981,2023-02-26 14:55:42.730009
INSTR864,8725.54,2731,2023-02-27 01:56:42.730009
INSTR865,4979.71,2265,2023-02-27 00:02:42.730009
INSTR866,6711.12,35,2023-02-27 07:50:42.730009
INSTR867,2288.62,1469,2023-02-26 19:04:42.730009
INSTR868,6362.02,2368,2023-02-26 09:30:42.730009
INSTR869,3260.18,5148,2023-02-26 11:53:42.730009
INSTR870,9051.6,1715,2023-02-26 22:04:42.730009
INSTR871,4631.18,1749,2023-02-26 11:29:42.730009
INSTR872,2635.87,3284,2023-02-26 14:08:42.730009
INSTR873,847.43,1891,2023-02-26 10:39:42.730009
INSTR874,5270.91,3575,2023-02-27 05:56:42.730009
INSTR875,8762.53,9862,2023-02-26 22:05:42.730009
INSTR876,1488.51,6837,2023-02-26 18:53:42.730009
INSTR877,8143.06,2975,2023-02-27 06:14:42.730009
INSTR878,8592.08,5252,2023-02-26 16:41:42.730009
INSTR879,1331.14,8501,2023-02-27 01:12:42.730009
INSTR880,49.89,4239,2023-02-27 01:20:42.730009
INSTR881,5492.22,773,2023-02-26 11:55:42.730009
INSTR882,6360.23,4561,2023-02-26 22:58:42.730009
INSTR883,2351.4,4239,2023-02-27 05:14:42.730009
INSTR884,5230.95,9401,2023-02-27 07:12:42.730009
INSTR885,4791.92,2505,2023-02-26 17:16:42.730009
INSTR886,867.94,6619,2023-02-26 10:24:42.730009
INSTR887,7627.97,2784,2023-02-26 18:45:42.730009
INSTR888,1637.35,7561,2023-02-26 13:45:42.730009
INSTR889,254.49,6449,2023-02-26 09:58:42.730009
INSTR890,1072.84,8122,2023-02-27 00:56:42.730009
INSTR891,9251.3,8188,2023-02-26 22:28:42.730009
INSTR892,9466.26,5651,2023-02-26 11:36:42.730009
INSTR893,4957.88,3931,2023-02-27 03:25:42.730009
INSTR894,4323.84,6071,2023-02-26 14:08:42.730009
INSTR895,2876.35,3840,2023-02-27 01:02:42.730009
INSTR896,8844.88,8284,2023-02-26 18:04:42.730009
INSTR897,8055.43,6248,2023-02-26 22:30:42.730009
INSTR898,4.53,2259,2023-02-27 06:55:42.730009
INSTR899,6879.09,4837,2023-02-26 19:14:42.730009
INSTR900,260.17,938,2023-02-27 05:34:42.730009
INSTR901,4314.79,1522,2023-02-26 16:56:42.730009
INSTR902,2198.04,6181,2023-02-26 15:04:42.730009
INSTR903,5850.87,8436,2023-02-27 03:39:42.730009
INSTR904,9048.19,4911,2023-02-26 15:36:42.730009
INSTR905,1618.5,1536,2023-02-26 11:04:42.730009
INSTR906,8527.85,6820,2023-02-26 15:43:42.730009
INSTR907,7859.46,3517,2023-02-26 21:59:42.730009
INSTR908,75.43,1865,2023-02-26 14:58:42.730949
INSTR909,5041.96,6562,2023-02-26 10:12:42.730949
INSTR910,4100.81,1824,2023-02-26 18:48:42.730949
INSTR911,859.1,3193,2023-02-27 01:25:42.730949
INSTR912,2029.65,9039,2023-02-26 19:22:42.730949
INSTR913,3574.58,6694,2023-02-26 18:50:42.730949
INSTR914,1509.61,8654,2023-02-27 08:12:42.730949
INSTR915,9034.88,7017,2023-02-26 09:23:42.730949
INSTR916,1359.35,129,2023-02-27 06:08:42.730949
INSTR917,5312.5,5032,2023-02-26 23:48:42.730949
INSTR918,9550.65,2026,2023-02-26 14:00:42.730949
INSTR919,5997.51,5695,2023-02-27 04:58:42.730949
INSTR920,8971.97,2862,2023-02-27 01:01:42.730949
INSTR921,4488.96,3825,2023-02-26 13:06:42.730949
INSTR922,5413.91,6422,2023-02-27 08:01:42.730949
INSTR923,1464.03,6090,2023-02-26 21:33:42.730949
INSTR924,6425.22,2872,2023-02-26 23:26:42.730949
INSTR925,7289.23,1809,2023-02-26 15:16:42.730949
INSTR926,2562.92,5868,2023-02-26 13:11:42.730949
INSTR927,4872.77,8176,2023-02-27 05:01:42.730949
INSTR928,8971.36,743,2023-02-27 04:25:42.730949
INSTR929,354.52,8978,2023-02-26 08:51:42.730949
INSTR930,4345.82,1401,2023-02-26 16:02:42.730949
INSTR931,6580.54,1305,2023-02-26 20:51:42.730949
INSTR932,1398.37,9429,2023-02-27 03:18:42.730949
INSTR933,514.67,200,2023-02-27 03:04:42.730949
INSTR934,3564.53,4970,2023-02-27 01:38:42.730949
INSTR935,7622.58,4969,2023-02-26 19:25:42.730949
INSTR936,8284.26,2065,2023-02-27 08:42:42.730949
INSTR937,7591.79,3271,2023-02-26 09:42:42.730949
INSTR938,9666.61,8774,2023-02-26 16:32:42.730949
INSTR939,2530.91,5811,2023-02-27 01:51:42.730949
INSTR940,1085.56,6897,2023-02-27 01:06:42.730949
INSTR941,3519.66,907,2023-02-27 01:46:42.730949
INSTR942,7308.26,4365,2023-02-27 08:15:42.730949
INSTR943,5208.59,1927,2023-02-27 06:02:42.730949
INSTR944,4878.02,4668,2023-02-26 21:23:42.730949
INSTR945,5165.33,1456,2023-02-26 17:24:42.730949
INSTR946,7668.85,2860,2023-02-27 05:23:42.730949
INSTR947,8110.7,682,2023-02-26 17:44:42.730949
INSTR948,1924.07,2599,2023-02-26 22:13:42.730949
INSTR949,2720.24,5786,2023-02-26 22:38:42.730949
INSTR950,6705.83,6473,2023-02-27 00:41:42.730949
INSTR951,6344.51,2081,2023-02-26 09:57:42.730949
INSTR952,141.95,121,2023-02-26 14:43:42.730949
INSTR953,550.51,6962,2023-02-27 01:09:42.730949
INSTR954,8551.78,1582,2023-02-26 22:01:42.730949
INSTR955,1331.74,5225,2023-02-27 08:20:42.730949
INSTR956,1043.99,6805,2023-02-26 09:19:42.730949
INSTR957,5337.36,9160,2023-02-26 12:40:42.730949
INSTR958,2461.09,7095,2023-02-27 02:21:42.730949
INSTR959,2835.29,4467,2023-02-26 11:38:42.730949
INSTR960,2835.75,130,2023-02-27 01:56:42.730949
INSTR961,9482.82,1115,2023-02-27 01:57:42.730949
INSTR962,4398.99,9779,2023-02-26 23:58:42.730949
INSTR963,4113.03,2792,2023-02-26 17:35:42.730949
INSTR964,5438.7,9602,2023-02-26 18:27:42.730949
INSTR965,5672.2,8416,2023-02-26 19:59:42.730949
INSTR966,1219.74,1905,2023-02-26 11:37:42.730949
INSTR967,2718.52,2034,2023-02-27 01:31:42.730949
INSTR968,8.67,5178,2023-02-26 14:50:42.730949
INSTR969,3856.89,7298,2023-02-27 06:09:42.730949
INSTR970,5967.6,9565,2023-02-26 21:14:42.730949
INSTR971,39.53,6825,2023-02-26 18:35:42.730949
INSTR972,9436.07,2255,2023-02-26 11:23:42.730949
INSTR973,6278.61,8502,2023-02-26 10:05:42.730949
INSTR974,3301.44,479,2023-02-26 15:57:42.730949
INSTR975,4900.49,3275,2023-02-27 08:15:42.730949
INSTR976,743.08,9876,2023-02-26 09:05:42.730949
INSTR977,8320.73,1125,2023-02-27 00:03:42.730949
INSTR978,2476.16,9924,2023-02-27 00:25:42.730949
INSTR979,3647.58,9222,2023-02-26 22:32:42.730949
INSTR980,1175.72,5249,2023-02-26 21:23:42.730949
INSTR981,2035.39,8823,2023-02-27 05:45:42.730949
INSTR982,2014.87,291,2023-02-26 19:11:42.730949
INSTR983,1616.99,5848,2023-02-26 15:08:42.730949
INSTR984,412.65,1472,2023-02-27 08:10:42.730949
INSTR985,919.88,674,2023-02-26 16:07:42.730949
INSTR986,6982.52,6753,2023-02-26 14:50:42.730949
INSTR987,4841.84,8589,2023-02-26 10:03:42.730949
INSTR988,860.41,3481,2023-02-26 11:28:42.730949
INSTR989,449.71,9757,2023-02-27 07:10:42.730949
INSTR990,577.84,9211,2023-02-27 00:36:42.730949
INSTR991,1288.81,6686,2023-02-27 03:52:42.730949
INSTR992,4046.78,8987,2023-02-26 15:06:42.730949
INSTR993,761.92,9901,2023-02-26 19:08:42.730949
INSTR994,1061.71,826,2023-02-26 15:24:42.730949
INSTR995,3666.44,212,2023-02-26 22:11:42.730949
INSTR996,9952.21,5084,2023-02-27 02:25:42.730949
INSTR997,5826.94,8817,2023-02-27 07:06:42.730949
INSTR998,4347.09,3817,2023-02-26 22:56:42.730949
INSTR999,1493.22,3367,2023-02-26 13:18:42.730949
